Code_commune_INSEE;Nom_commune;Code_postal;Ligne_5;Libellé_d_acheminement;coordonnees_geographiques;Departement
77031;BERNAY VILBERT;77540;;BERNAY VILBERT;48.675542988, 2.928447369;77
77068;CESSOY EN MONTOIS;77520;;CESSOY EN MONTOIS;48.507756887, 3.138903532;77
77111;CHESSY;77700;;CHESSY;48.872186167, 2.770267522;77
77205;GESVRES LE CHAPITRE;77165;;GESVRES LE CHAPITRE;49.035208325, 2.843162472;77
77244;LARCHANT;77760;;LARCHANT;48.283228852, 2.59909576;77
77277;MARLES EN BRIE;77610;;MARLES EN BRIE;48.724511279, 2.889079935;77
77325;MOUY SUR SEINE;77480;;MOUY SUR SEINE;48.432318832, 3.246776737;77
77343;OCQUERRE;77440;;OCQUERRE;49.033168779, 3.060016198;77
77361;PIERRE LEVEE;77580;;PIERRE LEVEE;48.897099909, 3.036165716;77
77395;RUMONT;77760;;RUMONT;48.270235214, 2.495579468;77
77415;ST JEAN LES DEUX JUMEAUX;77660;;ST JEAN LES DEUX JUMEAUX;48.938696346, 3.027448294;77
77437;ST SOUPPLETS;77165;;ST SOUPPLETS;49.036998402, 2.802654488;77
77465;THOURY FEROTTES;77940;;THOURY FEROTTES;48.298223552, 2.939883742;77
78113;BRUEIL EN VEXIN;78440;;BRUEIL EN VEXIN;49.026006636, 1.812671988;78
78367;MAREIL MARLY;78750;;MAREIL MARLY;48.880545569, 2.076644214;78
78372;MARLY LE ROI;78160;;MARLY LE ROI;48.865003641, 2.091451233;78
78437;MOUSSEAUX SUR SEINE;78270;;MOUSSEAUX SUR SEINE;49.05118376, 1.649935948;78
91225;ETIOLLES;91450;;ETIOLLES;48.650022012, 2.483650956;91
91275;GOMETZ LE CHATEL;91940;;GOMETZ LE CHATEL;48.675006021, 2.1426491;91
91345;LONGJUMEAU;91160;;LONGJUMEAU;48.689811714, 2.30290407;91
91508;PUISELET LE MARAIS;91150;;PUISELET LE MARAIS;48.399423569, 2.263725871;91
91519;RICHARVILLE;91410;;RICHARVILLE;48.468244596, 1.998678079;91
92026;COURBEVOIE;92400;;COURBEVOIE;48.898414495, 2.255695763;92
95002;ABLEIGES;95450;;ABLEIGES;49.085390681, 1.974876453;95
95024;ARTHIES;95420;;ARTHIES;49.095189656, 1.796970834;95
95028;ATTAINVILLE;95570;;ATTAINVILLE;49.06037642, 2.350739674;95
95139;LA CHAPELLE EN VEXIN;95420;;LA CHAPELLE EN VEXIN;49.184136588, 1.728270643;95
95142;CHARS;95750;;CHARS;49.157814702, 1.930801042;95
95295;GUIRY EN VEXIN;95450;;GUIRY EN VEXIN;49.115481312, 1.856715992;95
77139;COURTRY;77181;;COURTRY;48.916127782, 2.602399915;77
77270;MAISONCELLES EN BRIE;77580;;MAISONCELLES EN BRIE;48.859059651, 2.993353238;77
77348;ORMESSON;77167;;ORMESSON;48.243889164, 2.652619549;77
77394;RUBELLES;77950;;RUBELLES;48.564155863, 2.679925329;77
77396;RUPEREUX;77560;;RUPEREUX;48.642226292, 3.327213071;77
77400;ST AUGUSTIN;77515;;ST AUGUSTIN;48.788799103, 3.028803654;77
77426;ST MERY;77720;;ST MERY;48.570844708, 2.837600788;77
77463;THOMERY;77810;;THOMERY;48.404341685, 2.781278772;77
78015;ANDRESY;78570;DENOUVAL;ANDRESY;48.981584282, 2.04971852;78
78087;BONNELLES;78830;;BONNELLES;48.618957859, 2.029869969;78
78168;COIGNIERES;78310;;COIGNIERES;48.749890255, 1.913931691;78
78217;EPONE;78680;;EPONE;48.947976521, 1.813365614;78
78329;LAINVILLE EN VEXIN;78440;;LAINVILLE EN VEXIN;49.062492025, 1.817188746;78
78460;OINVILLE SUR MONTCIENT;78250;;OINVILLE SUR MONTCIENT;49.02559573, 1.846266276;78
78501;PORCHEVILLE;78440;;PORCHEVILLE;48.975962855, 1.768270691;78
78567;ST MARTIN LA GARENNE;78520;;ST MARTIN LA GARENNE;49.03598752, 1.676926764;78
91045;BALLANCOURT SUR ESSONNE;91610;;BALLANCOURT SUR ESSONNE;48.522122216, 2.388041851;91
91111;BRIIS SOUS FORGES;91640;;BRIIS SOUS FORGES;48.626962747, 2.130529622;91
91274;GOMETZ LA VILLE;91400;;GOMETZ LA VILLE;48.67283215, 2.10976277;91
91405;MILLY LA FORET;91490;;MILLY LA FORET;48.403011554, 2.464285312;91
93030;DUGNY;93440;;DUGNY;48.950891023, 2.423284783;93
95094;BOUQUEVAL;95720;;BOUQUEVAL;49.022271988, 2.429630358;95
95127;CERGY;95800;;CERGY;49.039967587, 2.051139021;95
75107;PARIS 07;75007;;PARIS;48.856165776, 2.312154016;75
75117;PARIS 17;75017;;PARIS;48.887331019, 2.306778316;75
77005;ANNET SUR MARNE;77410;;ANNET SUR MARNE;48.922737777, 2.708489113;77
77021;BARBEY;77130;;BARBEY;48.366051746, 3.049435365;77
77108;CHELLES;77500;CHANTEREINE;CHELLES;48.883978399, 2.597093098;77
77119;CLOS FONTAINE;77370;;CLOS FONTAINE;48.60375723, 3.01508081;77
77158;DIANT;77940;;DIANT;48.291266938, 3.00495785;77
77199;FUBLAINES;77470;;FUBLAINES;48.939069191, 2.941772854;77
77216;GREZ SUR LOING;77880;;GREZ SUR LOING;48.306573076, 2.677572073;77
77241;JUILLY;77230;;JUILLY;49.021562823, 2.705808218;77
77384;REAU;77550;;REAU;48.60739655, 2.623860846;77
77421;ST MARS VIEUX MAISONS;77320;VIEUX MAISONS;ST MARS VIEUX MAISONS;48.737755116, 3.319855573;77
77473;TREUZY LEVELAY;77710;;TREUZY LEVELAY;48.27338657, 2.794471414;77
77483;VARREDDES;77910;;VARREDDES;49.006153676, 2.927393304;77
78237;FLINS NEUVE EGLISE;78790;;FLINS NEUVE EGLISE;48.892354684, 1.576845333;78
78299;HARDRICOURT;78250;;HARDRICOURT;49.011064768, 1.888263613;78
78385;MENERVILLE;78200;;MENERVILLE;48.956845045, 1.596617575;78
78423;MONTIGNY LE BRETONNEUX;78180;;MONTIGNY LE BRETONNEUX;48.779791576, 2.02991435;78
91135;CHAMPCUEIL;91750;;CHAMPCUEIL;48.506910904, 2.448311474;91
91386;MENNECY;91540;;MENNECY;48.558579656, 2.438037857;91
91390;LE MEREVILLOIS;91660;ESTOUCHES;LE MEREVILLOIS;48.316157016, 2.083754497;91
91435;MORSANG SUR SEINE;91250;;MORSANG SUR SEINE;48.576190008, 2.500983788;91
91468;ORMOY;91540;;ORMOY;48.573066676, 2.458280782;91
91544;ST CYR LA RIVIERE;91690;;ST CYR LA RIVIERE;48.350493528, 2.137063349;91
91629;VALPUISEAUX;91720;;VALPUISEAUX;48.392223905, 2.303167474;91
94022;CHOISY LE ROI;94600;;CHOISY LE ROI;48.764258643, 2.417182182;94
94054;ORLY;94310;;ORLY;48.742794575, 2.394977;94
95205;ECOUEN;95440;;ECOUEN;49.025890296, 2.384418866;95
95268;GARGES LES GONESSE;95140;;GARGES LES GONESSE;48.970423332, 2.404581275;95
95351;LOUVRES;95380;;LOUVRES;49.042203512, 2.503963388;95
95387;MENOUVILLE;95810;;MENOUVILLE;49.153832285, 2.106475528;95
77044;BOMBON;77720;;BOMBON;48.568221511, 2.86744698;77
77146;CROISSY BEAUBOURG;77183;;CROISSY BEAUBOURG;48.816552165, 2.655772784;77
77163;DOUY LA RAMEE;77139;;DOUY LA RAMEE;49.061765862, 2.884186487;77
77169;EMERAINVILLE;77184;MALNOUE;EMERAINVILLE;48.819430023, 2.609262864;77
77193;FORFRY;77165;;FORFRY;49.053502909, 2.849150783;77
77265;LUZANCY;77138;;LUZANCY;48.978609052, 3.1811501;77
77273;MARCHEMORET;77230;;MARCHEMORET;49.052813703, 2.751764033;77
77296;MOISSY CRAMAYEL;77550;;MOISSY CRAMAYEL;48.628525567, 2.595898134;77
77304;MONTENILS;77320;;MONTENILS;48.835171867, 3.478413935;77
77307;MONTEVRAIN;77144;;MONTEVRAIN;48.868332771, 2.749449617;77
77393;ROZAY EN BRIE;77540;;ROZAY EN BRIE;48.683045763, 2.964733839;77
77429;ST OUEN SUR MORIN;77750;;ST OUEN SUR MORIN;48.906782736, 3.202147699;77
77439;SALINS;77148;;SALINS;48.431194151, 3.019926486;77
77441;SAMOIS SUR SEINE;77920;;SAMOIS SUR SEINE;48.456916257, 2.752828255;77
77481;VANVILLE;77370;;VANVILLE;48.554680065, 3.115780496;77
78466;ORGEVAL;78630;;ORGEVAL;48.916405619, 1.9695582;78
78470;ORPHIN;78125;;ORPHIN;48.576457697, 1.783195784;78
78575;ST REMY LES CHEVREUSE;78470;;ST REMY LES CHEVREUSE;48.704059438, 2.079135407;78
78588;SAULX MARCHAIS;78650;;SAULX MARCHAIS;48.846044436, 1.837057716;78
78655;VIEILLE EGLISE EN YVELINES;78125;;VIEILLE EGLISE EN YVELINES;48.670107121, 1.874292056;78
78686;VIROFLAY;78220;;VIROFLAY;48.802695909, 2.171317656;78
91148;CHAUFFOUR LES ETRECHY;91580;;CHAUFFOUR LES ETRECHY;48.507449763, 2.168740835;91
92019;CHATENAY MALABRY;92290;;CHATENAY MALABRY;48.768150824, 2.263584321;92
93072;STAINS;93240;;STAINS;48.956644571, 2.384861241;93
94034;FRESNES;94260;;FRESNES;48.757122765, 2.326048877;94
94068;ST MAUR DES FOSSES;94210;LA VARENNE ST HILAIRE;ST MAUR DES FOSSES;48.798824614, 2.494496787;94
95101;BRAY ET LU;95710;;BRAY ET LU;49.142397339, 1.665307669;95
95426;MONTLIGNON;95680;;MONTLIGNON;49.014718031, 2.289839382;95
95446;NESLES LA VALLEE;95690;;NESLES LA VALLEE;49.126847478, 2.172466525;95
95450;NEUVILLE SUR OISE;95000;;NEUVILLE SUR OISE;49.017340379, 2.062268273;95
75116;PARIS 16;75116;;PARIS;48.860373457, 2.261967959;75
77035;BLENNES;77940;;BLENNES;48.244822927, 3.011583089;77
77052;BREAU;77720;;BREAU;48.557440136, 2.878536628;77
77065;CELY;77930;;CELY EN BIERE;48.460003584, 2.526242466;77
77109;CHENOISE CUCHARMOY;77160;CUCHARMOY;CHENOISE CUCHARMOY;48.613352117, 3.189120226;77
77116;CHOISY EN BRIE;77320;;CHOISY EN BRIE;48.765404122, 3.213391053;77
77134;COURCHAMP;77560;;COURCHAMP;48.642233069, 3.290212295;77
77162;DOUE;77510;;DOUE;48.874246158, 3.168661934;77
77242;JUTIGNY;77650;;JUTIGNY;48.494251041, 3.226672556;77
77281;MAUPERTHUIS;77120;;MAUPERTHUIS;48.769360819, 3.039112382;77
77322;MOUSSY LE NEUF;77230;;MOUSSY LE NEUF;49.070151643, 2.607386461;77
77405;ST CYR SUR MORIN;77750;;ST CYR SUR MORIN;48.911962, 3.175071442;77
77409;ST GERMAIN LAVAL;77130;;ST GERMAIN LAVAL;48.40897297, 2.995123038;77
78033;AULNAY SUR MAULDRE;78126;;AULNAY SUR MAULDRE;48.928322262, 1.840813007;78
78117;BUC;78530;;BUC;48.772689837, 2.1249651;78
78123;CARRIERES SOUS POISSY;78955;LES GRESILLONS;CARRIERES SOUS POISSY;48.94570054, 2.028794429;78
78143;CHATEAUFORT;78117;;CHATEAUFORT;48.739095128, 2.095233331;78
78398;LES MESNULS;78490;;LES MESNULS;48.754445479, 1.834461297;78
78416;MONTALET LE BOIS;78440;;MONTALET LE BOIS;49.048387467, 1.829812516;78
78624;TRIEL SUR SEINE;78510;;TRIEL SUR SEINE;48.978288982, 2.008358298;78
78653;VICQ;78490;;VICQ;48.821527006, 1.827627129;78
91095;BOURAY SUR JUINE;91850;;BOURAY SUR JUINE;48.512440637, 2.295832847;91
91175;CORBREUSE;91410;;CORBREUSE;48.494735434, 1.96077665;91
91457;LA NORVILLE;91290;;LA NORVILLE;48.581342717, 2.26568522;91
92007;BAGNEUX;92220;;BAGNEUX;48.798310364, 2.310099988;92
92048;MEUDON;92360;MEUDON LA FORET;MEUDON;48.804093282, 2.227332801;92
92060;LE PLESSIS ROBINSON;92350;;LE PLESSIS ROBINSON;48.780251597, 2.25980883;92
92063;RUEIL MALMAISON;92500;BUZENVAL;RUEIL MALMAISON;48.869374523, 2.17771477;92
93010;BONDY;93140;;BONDY;48.902243865, 2.484137001;93
93013;LE BOURGET;93350;;LE BOURGET;48.936210518, 2.427612443;93
93066;ST DENIS;93210;LA PLAINE ST DENIS;ST DENIS;48.929643578, 2.359289324;93
94016;CACHAN;94230;;CACHAN;48.791662561, 2.332077446;94
95091;BOUFFEMONT;95570;;BOUFFEMONT;49.04155948, 2.298093576;95
95252;FRANCONVILLE;95130;;FRANCONVILLE LA GARENNE;48.98831458, 2.224194522;95
95641;VEMARS;95470;;VEMARS;49.06293876, 2.567173124;95
95656;VIENNE EN ARTHIES;95510;;VIENNE EN ARTHIES;49.066478405, 1.722082988;95
95690;WY DIT JOLI VILLAGE;95420;;WY DIT JOLI VILLAGE;49.095847161, 1.824388034;95
77006;ARBONNE LA FORET;77630;;ARBONNE LA FORET;48.410407079, 2.560970923;77
77042;BOISSY LE CHATEL;77169;;BOISSY LE CHATEL;48.825448268, 3.137381804;77
77069;CHAILLY EN BIERE;77930;;CHAILLY EN BIERE;48.469522218, 2.611649165;77
77103;CHATILLON LA BORDE;77820;;CHATILLON LA BORDE;48.537902393, 2.826897836;77
77108;CHELLES;77500;;CHELLES;48.883978399, 2.597093098;77
77118;CLAYE SOUILLY;77410;;CLAYE SOUILLY;48.942941014, 2.675081572;77
77136;COURQUETAINE;77390;;COURQUETAINE;48.679819434, 2.747097089;77
77223;GURCY LE CHATEL;77520;;GURCY LE CHATEL;48.484161716, 3.081063633;77
77515;VILLEROY;77410;;VILLEROY;48.98298152, 2.782580459;77
77523;VILLUIS;77480;;VILLUIS;48.405317092, 3.35956972;77
78092;BOUGIVAL;78380;;BOUGIVAL;48.863492566, 2.137406812;78
78194;DANNEMARIE;78550;;DANNEMARIE;48.764127448, 1.608103265;78
78206;ECQUEVILLY;78920;;ECQUEVILLY;48.945850142, 1.920725015;78
78269;GAZERAN;78125;;GAZERAN;48.63388841, 1.777681571;78
78356;MAGNY LES HAMEAUX;78114;;MAGNY LES HAMEAUX;48.741021066, 2.052213427;78
78575;ST REMY LES CHEVREUSE;78470;RHODON;ST REMY LES CHEVREUSE;48.704059438, 2.079135407;78
91161;CHILLY MAZARIN;91380;;CHILLY MAZARIN;48.707458941, 2.311573611;91
91338;LIMOURS;91470;;LIMOURS;48.646649279, 2.080778322;91
91553;ST GERMAIN LES CORBEIL;91250;;ST GERMAIN LES CORBEIL;48.625041408, 2.492346563;91
91631;VARENNES JARCY;91480;;VARENNES JARCY;48.681024413, 2.562784314;91
92062;PUTEAUX;92800;;PUTEAUX;48.883640381, 2.238727624;92
94074;VALENTON;94460;VAL POMPADOUR;VALENTON;48.752728069, 2.461236106;94
94075;VILLECRESNES;94440;;VILLECRESNES;48.720848417, 2.531345894;94
95012;AMENUCOURT;95510;;AMENUCOURT;49.110115197, 1.649566256;95
95042;BAILLET EN FRANCE;95560;;BAILLET EN FRANCE;49.058629716, 2.302373577;95
95055;BELLEFONTAINE;95270;;BELLEFONTAINE;49.092655257, 2.469562727;95
95078;BOISSY L AILLERIE;95650;;BOISSY L AILLERIE;49.083308253, 2.032280181;95
95166;CLERY EN VEXIN;95420;;CLERY EN VEXIN;49.131528413, 1.84893942;95
95277;GONESSE;95500;;GONESSE;48.986294753, 2.457534399;95
95429;MONTREUIL SUR EPTE;95770;;MONTREUIL SUR EPTE;49.170217987, 1.685467824;95
95658;VIGNY;95450;;VIGNY;49.080112515, 1.930112816;95
75118;PARIS 18;75018;;PARIS;48.892570317, 2.348176598;75
77020;BANNOST VILLEGAGNON;77970;VILLEGAGNON;BANNOST VILLEGAGNON;48.675542321, 3.19174446;77
77026;BEAUCHERY ST MARTIN;77560;;BEAUCHERY ST MARTIN;48.602164551, 3.420786944;77
77054;LA BROSSE MONTCEAUX;77940;;LA BROSSE MONTCEAUX;48.33885179, 3.023374615;77
77094;CHARMENTRAY;77410;;CHARMENTRAY;48.951117672, 2.779143747;77
77137;COURTACON;77560;;COURTACON;48.702589194, 3.290580641;77
77236;JAULNES;77480;;JAULNES;48.414190402, 3.276168501;77
77247;LESCHEROLLES;77320;;LESCHEROLLES;48.760539178, 3.35068096;77
77250;LEUDON EN BRIE;77320;;LEUDON EN BRIE;48.730361665, 3.268096073;77
77261;LORREZ LE BOCAGE PREAUX;77710;PREAUX;LORREZ LE BOCAGE PREAUX;48.239519273, 2.896540766;77
77264;LUMIGNY NESLES ORMEAUX;77540;NESLES LA GILBERDE;LUMIGNY NESLES ORMEAUX;48.719641692, 2.953592052;77
77264;LUMIGNY NESLES ORMEAUX;77540;ORMEAUX;LUMIGNY NESLES ORMEAUX;48.719641692, 2.953592052;77
77266;MACHAULT;77133;;MACHAULT;48.445896814, 2.841311915;77
77272;MAISON ROUGE;77370;;MAISON ROUGE;48.555063502, 3.15166217;77
77311;MONTIGNY LENCOUP;77520;;MONTIGNY LENCOUP;48.454262449, 3.052332218;77
77314;MONTOLIVET;77320;;MONTOLIVET;48.827744443, 3.431657484;77
77331;NANTEUIL SUR MARNE;77730;;NANTEUIL SUR MARNE;48.980360964, 3.221343216;77
77380;PUISIEUX;77139;;PUISIEUX;49.06564504, 2.915592437;77
77495;VERT ST DENIS;77240;;VERT ST DENIS;48.571572774, 2.627006435;77
78076;BOISSETS;78910;;BOISSETS;48.85894274, 1.587895245;78
78236;FLEXANVILLE;78910;;FLEXANVILLE;48.85527391, 1.742829661;78
78246;FONTENAY ST PERE;78440;;FONTENAY ST PERE;49.028163506, 1.753968669;78
78283;GRANDCHAMP;78113;;GRANDCHAMP;48.719537984, 1.614314352;78
78478;PARAY DOUAVILLE;78660;;PARAY DOUAVILLE;48.459921438, 1.863328788;78
78528;ROLLEBOISE;78270;;ROLLEBOISE;49.019424603, 1.601700814;78
78545;ST CYR L ECOLE;78210;;ST CYR L ECOLE;48.806375444, 2.065524074;78
78590;SENLISSE;78720;;SENLISSE;48.685379012, 1.971805753;78
91156;CHEPTAINVILLE;91630;;CHEPTAINVILLE;48.546517694, 2.274133259;91
91180;COURANCES;91490;;COURANCES;48.438624957, 2.485448399;91
91494;LE PLESSIS PATE;91220;;LE PLESSIS PATE;48.607112373, 2.341259253;91
92014;BOURG LA REINE;92340;;BOURG LA REINE;48.780432581, 2.317059116;92
92071;SCEAUX;92330;;SCEAUX;48.776484949, 2.296467846;92
93007;LE BLANC MESNIL;93150;;LE BLANC MESNIL;48.939482289, 2.461086127;93
94077;VILLENEUVE LE ROI;94290;;VILLENEUVE LE ROI;48.732228497, 2.41098507;94
95154;CHENNEVIERES LES LOUVRES;95380;;CHENNEVIERES LES LOUVRES;49.042148988, 2.546572852;95
95170;CONDECOURT;95450;;CONDECOURT;49.037845152, 1.937251595;95
95282;GOUZANGREZ;95450;;GOUZANGREZ;49.1136525, 1.909229318;95
95488;PIERRELAYE;95480;;PIERRELAYE;49.019103435, 2.160347072;95
95680;VILLIERS LE BEL;95400;;VILLIERS LE BEL;49.007988385, 2.403736201;95
77007;ARGENTIERES;77390;;ARGENTIERES;48.652020763, 2.870851784;77
77018;BAILLY ROMAINVILLIERS;77700;;BAILLY ROMAINVILLIERS;48.843284, 2.816534553;77
77031;BERNAY VILBERT;77540;VILBERT;BERNAY VILBERT;48.675542988, 2.928447369;77
77271;MAISONCELLES EN GATINAIS;77570;;MAISONCELLES EN GATINAIS;48.182670594, 2.620652609;77
77279;MAROLLES SUR SEINE;77130;;MAROLLES SUR SEINE;48.384109552, 3.032327557;77
77402;ST BARTHELEMY;77320;;ST BARTHELEMY;48.820490532, 3.364515659;77
77408;ST FIACRE;77470;;ST FIACRE;48.924538997, 2.953677994;77
77412;ST GERMAIN SUR ECOLE;77930;;ST GERMAIN SUR ECOLE;48.473617636, 2.510080509;77
77452;SIGY;77520;;SIGY;48.473297065, 3.163980713;77
77457;SOLERS;77111;;SOLERS;48.659188075, 2.725984418;77
77472;LA TRETOIRE;77510;;LA TRETOIRE;48.878586778, 3.247559944;77
77530;VOULTON;77560;;VOULTON;48.611589, 3.340601043;77
78278;GOUPILLIERES;78770;;GOUPILLIERES;48.880686478, 1.767114589;78
78291;GUERVILLE;78930;;GUERVILLE;48.95230274, 1.740590862;78
78297;GUYANCOURT;78280;BOUVIERS;GUYANCOURT;48.773058155, 2.075795692;78
78364;MARCQ;78770;;MARCQ;48.863962507, 1.823800522;78
78498;POISSY;78300;;POISSY;48.923459545, 2.02742189;78
78517;RAMBOUILLET;78120;;RAMBOUILLET;48.65354393, 1.82640777;78
91534;SACLAY;91400;LE VAL D ALBIAN;SACLAY;48.735923981, 2.166033197;91
91613;CONGERVILLE THIONVILLE;91740;CONGERVILLE;CONGERVILLE THIONVILLE;48.382499029, 1.99087837;91
92036;GENNEVILLIERS;92230;;GENNEVILLIERS;48.934550447, 2.2939472;92
95462;OMERVILLE;95420;;OMERVILLE;49.142855048, 1.722230338;95
77003;AMPONVILLE;77760;;AMPONVILLE;48.287862114, 2.530549292;77
77072;CHALAUTRE LA GRANDE;77171;;CHALAUTRE LA GRANDE;48.549893215, 3.446841357;77
77113;CHEVRU;77320;;CHEVRU;48.734121005, 3.196060775;77
77127;COUBERT;77170;;COUBERT;48.678477753, 2.707595426;77
77174;EVERLY;77157;;EVERLY;48.460480426, 3.263007142;77
77175;EVRY GREGY SUR YERRE;77166;GREGY SUR YERRE;EVRY GREGY SUR YERRE;48.653675957, 2.639539278;77
77211;GRANDPUITS BAILLY CARROIS;77720;;GRANDPUITS BAILLY CARROIS;48.582092956, 2.976328303;77
77321;MOUSSEAUX LES BRAY;77480;;MOUSSEAUX LES BRAY;48.396351016, 3.229956177;77
77372;POMPONNE;77400;;POMPONNE;48.886880992, 2.674750482;77
77376;PRECY SUR MARNE;77410;;PRECY SUR MARNE;48.932180284, 2.768173877;77
77390;ROISSY EN BRIE;77680;;ROISSY EN BRIE;48.789779958, 2.660952483;77
77425;ST MARTIN EN BIERE;77630;;ST MARTIN EN BIERE;48.433994492, 2.57543442;77
77527;VOINSLES;77540;;VOINSLES;48.68180642, 3.017960012;77
78053;BEHOUST;78910;;BEHOUST;48.832260315, 1.724583079;78
78062;BEYNES;78650;;BEYNES;48.854527247, 1.869760642;78
78107;BREVAL;78980;;BREVAL;48.955162869, 1.541122957;78
78120;BULLION;78830;;BULLION;48.624093422, 1.983225737;78
78188;CRAVENT;78270;;CRAVENT;48.989120607, 1.484610301;78
78261;GAILLON SUR MONTCIENT;78250;;GAILLON SUR MONTCIENT;49.029737165, 1.897767389;78
78327;JUZIERS;78820;;JUZIERS;49.000363581, 1.840689609;78
78531;ROSNY SUR SEINE;78710;;ROSNY SUR SEINE;48.996436395, 1.607663539;78
78609;TESSANCOURT SUR AUBETTE;78250;;TESSANCOURT SUR AUBETTE;49.025412767, 1.918796726;78
78650;LE VESINET;78110;;LE VESINET;48.893565927, 2.130150516;78
91064;BIEVRES;91570;;BIEVRES;48.75659431, 2.206465776;91
91201;DRAVEIL;91210;MAINVILLE;DRAVEIL;48.677735132, 2.421499681;91
91526;ROINVILLIERS;91150;;ROINVILLIERS;48.345169683, 2.237202381;91
92023;CLAMART;92140;LE PETIT CLAMART;CLAMART;48.796455388, 2.254300971;92
93005;AULNAY SOUS BOIS;93600;;AULNAY SOUS BOIS;48.945834186, 2.493478267;93
95008;AINCOURT;95510;;AINCOURT;49.072575712, 1.77372219;95
95110;BRIGNANCOURT;95640;;BRIGNANCOURT;49.139415197, 1.943823707;95
95371;MARLY LA VILLE;95670;;MARLY LA VILLE;49.08087171, 2.509126915;95
95459;NUCOURT;95420;;NUCOURT;49.15943446, 1.855587915;95
95580;ST WITZ;95470;;ST WITZ;49.085569333, 2.5525088;95
77161;DORMELLES;77130;;DORMELLES;48.313439207, 2.8895665;77
77202;LA GENEVRAYE;77690;;LA GENEVRAYE;48.314724874, 2.752441764;77
77237;JOSSIGNY;77600;;JOSSIGNY;48.830783927, 2.763018016;77
77263;LUISETAINES;77520;;LUISETAINES;48.46085786, 3.186107993;77
77340;NONVILLE;77140;;NONVILLE;48.28894673, 2.773912563;77
77508;VILLENEUVE LE COMTE;77174;;VILLENEUVE LE COMTE;48.811289829, 2.83781624;77
77531;VOULX;77940;;VOULX;48.284680383, 2.969595742;77
78220;LES ESSARTS LE ROI;78690;;LES ESSARTS LE ROI;48.716251319, 1.895378187;78
78372;MARLY LE ROI;78160;MONTVAL;MARLY LE ROI;48.865003641, 2.091451233;78
78484;PERDREAUVILLE;78200;;PERDREAUVILLE;48.970642741, 1.613546909;78
78647;VERT;78930;;VERT;48.940503804, 1.68295654;78
91240;FONTAINE LA RIVIERE;91690;;FONTAINE LA RIVIERE;48.360349195, 2.164569207;91
91284;LES GRANGES LE ROI;91410;;LES GRANGES LE ROI;48.497806347, 2.010809363;91
91326;JUVISY SUR ORGE;91260;;JUVISY SUR ORGE;48.691854518, 2.37366453;91
91411;LES MOLIERES;91470;;LES MOLIERES;48.671446529, 2.072415063;91
91432;MORANGIS;91420;;MORANGIS;48.702823561, 2.337357273;91
92025;COLOMBES;92700;;COLOMBES;48.922750857, 2.247051842;92
92063;RUEIL MALMAISON;92500;;RUEIL MALMAISON;48.869374523, 2.17771477;92
94015;BRY SUR MARNE;94360;;BRY SUR MARNE;48.838653513, 2.523439257;94
95456;NOISY SUR OISE;95270;;NOISY SUR OISE;49.134440803, 2.328104581;95
77153;DAMMARTIN EN GOELE;77230;;DAMMARTIN EN GOELE;49.054129741, 2.679492254;77
77173;ETREPILLY;77139;;ETREPILLY;49.042806503, 2.930355106;77
77200;GARENTREVILLE;77890;;GARENTREVILLE;48.23449375, 2.559650109;77
77223;GURCY LE CHATEL;77520;CHALAUTRE LA REPOSTE;GURCY LE CHATEL;48.484161716, 3.081063633;77
77240;JOUY SUR MORIN;77320;;JOUY SUR MORIN;48.795370044, 3.272747305;77
77381;QUIERS;77720;;QUIERS;48.614127609, 2.961158017;77
77383;RAMPILLON;77370;;RAMPILLON;48.540826838, 3.073142083;77
77453;SIVRY COURTRY;77115;;SIVRY COURTRY;48.531021543, 2.756131534;77
77485;LE VAUDOUE;77123;;LE VAUDOUE;48.347141662, 2.521715019;77
78171;CONDE SUR VESGRE;78113;;CONDE SUR VESGRE;48.732533249, 1.673399111;78
78368;MAREIL SUR MAULDRE;78124;;MAREIL SUR MAULDRE;48.889124252, 1.874811348;78
91198;D HUISON LONGUEVILLE;91590;;D HUISON LONGUEVILLE;48.455962627, 2.326990265;91
95288;GROSLAY;95410;;GROSLAY;48.985398076, 2.350437036;95
95298;HARAVILLIERS;95640;;HARAVILLIERS;49.174968669, 2.036994982;95
95352;LUZARCHES;95270;;LUZARCHES;49.115413934, 2.440757943;95
95500;PONTOISE;95300;;PONTOISE;49.051577748, 2.094574042;95
75110;PARIS 10;75010;;PARIS;48.876129334, 2.360715102;75
77041;BOISSY AUX CAILLES;77760;;BOISSY AUX CAILLES;48.312345301, 2.492713649;77
77062;CARNETIN;77400;;CARNETIN;48.904294375, 2.699501275;77
77121;COLLEGIEN;77090;;COLLEGIEN;48.827880888, 2.677106877;77
77148;CROUY SUR OURCQ;77840;;CROUY SUR OURCQ;49.086796122, 3.079651536;77
77317;MORMANT;77720;;MORMANT;48.597576815, 2.882687132;77
77392;ROUVRES;77230;;ROUVRES;49.06381725, 2.719556893;77
77410;ST GERMAIN LAXIS;77950;;ST GERMAIN LAXIS;48.58624891, 2.706026459;77
77420;ST MARD;77230;;ST MARD;49.038470494, 2.696654759;77
77445;SAVIGNY LE TEMPLE;77176;;SAVIGNY LE TEMPLE;48.584512665, 2.586244938;77
77494;VERNOU LA CELLE SUR SEINE;77670;LA CELLE SUR SEINE;VERNOU LA CELLE SUR SEINE;48.406307014, 2.853870747;77
78172;CONFLANS STE HONORINE;78700;;CONFLANS STE HONORINE;48.999997129, 2.098929195;78
78192;DAMMARTIN EN SERVE;78111;;DAMMARTIN EN SERVE;48.911051106, 1.618287214;78
78230;LA FALAISE;78410;;LA FALAISE;48.937096781, 1.825291098;78
78234;FLACOURT;78200;;FLACOURT;48.93212077, 1.642275072;78
78361;MANTES LA JOLIE;78200;;MANTES LA JOLIE;48.998365533, 1.69406992;78
78396;LE MESNIL LE ROI;78600;CARRIERES SOUS BOIS;LE MESNIL LE ROI;48.926810989, 2.122439577;78
78420;MONTFORT L AMAURY;78490;;MONTFORT L AMAURY;48.771781501, 1.808317154;78
78530;ROSAY;78790;;ROSAY;48.911025784, 1.683933521;78
78557;ST HILARION;78125;;ST HILARION;48.622770883, 1.728663745;78
78591;SEPTEUIL;78790;;SEPTEUIL;48.887912901, 1.684199373;78
91079;BOISSY LA RIVIERE;91690;;BOISSY LA RIVIERE;48.382166962, 2.169683144;91
91086;BONDOUFLE;91070;;BONDOUFLE;48.613996278, 2.379806094;91
91412;MONDEVILLE;91590;;MONDEVILLE;48.491488889, 2.420112209;91
91514;QUINCY SOUS SENART;91480;;QUINCY SOUS SENART;48.670541731, 2.528407513;91
91617;TIGERY;91250;;TIGERY;48.644113864, 2.519273008;91
92004;ASNIERES SUR SEINE;92600;;ASNIERES SUR SEINE;48.91591925, 2.287808861;92
92040;ISSY LES MOULINEAUX;92130;;ISSY LES MOULINEAUX;48.823147869, 2.264806255;92
95054;LE BELLAY EN VEXIN;95750;;LE BELLAY EN VEXIN;49.149673294, 1.877626763;95
95181;COURCELLES SUR VIOSNE;95650;;COURCELLES SUR VIOSNE;49.072582083, 1.996296034;95
75101;PARIS 01;75001;;PARIS;48.862549876, 2.336419316;75
77008;ARMENTIERES EN BRIE;77440;;ARMENTIERES EN BRIE;48.980878518, 3.016484077;77
77016;BAGNEAUX SUR LOING;77167;;BAGNEAUX SUR LOING;48.223975472, 2.707169842;77
77025;BAZOCHES LES BRAY;77118;;BAZOCHES LES BRAY;48.397966957, 3.192886258;77
77027;BEAUMONT DU GATINAIS;77890;;BEAUMONT DU GATINAIS;48.140602309, 2.492263922;77
77048;BOURRON MARLOTTE;77780;;BOURRON MARLOTTE;48.334943962, 2.700685669;77
77055;BROU SUR CHANTEREINE;77177;;BROU SUR CHANTEREINE;48.890767137, 2.639890249;77
77097;CHARTRONGES;77320;;CHARTRONGES;48.750903995, 3.263044772;77
77133;COURCELLES EN BASSEE;77126;;COURCELLES EN BASSEE;48.412940438, 3.053085201;77
77204;GERMIGNY SOUS COULOMBS;77840;;GERMIGNY SOUS COULOMBS;49.064093333, 3.161866638;77
77292;MESSY;77410;;MESSY;48.966951677, 2.701540475;77
77300;MONTCEAUX LES MEAUX;77470;;MONTCEAUX LES MEAUX;48.943376871, 2.994551566;77
77365;LE PLESSIS FEU AUSSOUX;77540;;LE PLESSIS FEU AUSSOUX;48.713407621, 3.038536649;77
77369;POINCY;77470;;POINCY;48.973052624, 2.924509346;77
77486;VAUDOY EN BRIE;77141;;VAUDOY EN BRIE;48.697553863, 3.082307353;77
78029;AUBERGENVILLE;78410;ELISABETHVILLE;AUBERGENVILLE;48.962720904, 1.849559735;78
78158;LE CHESNAY ROCQUENCOURT;78150;LE CHESNAY;LE CHESNAY ROCQUENCOURT;48.829192097, 2.119984317;78
78163;CIVRY LA FORET;78910;;CIVRY LA FORET;48.864394929, 1.617087787;78
78196;DAVRON;78810;;DAVRON;48.863716585, 1.947514342;78
78289;GROSROUVRE;78490;;GROSROUVRE;48.780365132, 1.756936149;78
78307;HERMERAY;78125;;HERMERAY;48.653744482, 1.688377269;78
78537;ST ARNOULT EN YVELINES;78730;;ST ARNOULT EN YVELINES;48.572717557, 1.934205467;78
78551;ST GERMAIN EN LAYE;78112;FOURQUEUX;ST GERMAIN EN LAYE;48.937287576, 2.096214868;78
78646;VERSAILLES;78000;;VERSAILLES;48.802292474, 2.117410101;78
91017;ANGERVILLIERS;91470;;ANGERVILLIERS;48.59080074, 2.058514271;91
91136;CHAMPLAN;91160;;CHAMPLAN;48.708041464, 2.278151045;91
91469;ORMOY LA RIVIERE;91150;;ORMOY LA RIVIERE;48.400724764, 2.163486233;91
91599;SOISY SUR ECOLE;91840;;SOISY SUR ECOLE;48.478908418, 2.481793376;91
92047;MARNES LA COQUETTE;92430;;MARNES LA COQUETTE;48.83076684, 2.166605457;92
94018;CHARENTON LE PONT;94220;;CHARENTON LE PONT;48.822572708, 2.406597157;94
94073;THIAIS;94320;;THIAIS;48.760790808, 2.385495992;94
95141;CHARMONT;95420;;CHARMONT;49.137757434, 1.790310096;95
95203;EAUBONNE;95600;;EAUBONNE;48.991067498, 2.277481312;95
95509;PUISEUX EN FRANCE;95380;;PUISEUX EN FRANCE;49.066868173, 2.488509672;95
95510;PUISEUX PONTOISE;95650;;PUISEUX PONTOISE;49.063645075, 2.016295404;95
95628;VALMONDOIS;95760;;VALMONDOIS;49.098061377, 2.18024882;95
95652;VIARMES;95270;;VIARMES;49.123452595, 2.378532448;95
77049;BOUTIGNY;77470;;BOUTIGNY;48.912806487, 2.929072628;77
77051;BRAY SUR SEINE;77480;;BRAY SUR SEINE;48.414017188, 3.242863551;77
77071;CHAINTREAUX;77460;;CHAINTREAUX;48.190775847, 2.814088179;77
77082;CHAMPEAUX;77720;;CHAMPEAUX;48.592178509, 2.810684943;77
77140;COUTENCON;77154;;COUTENCON;48.473277512, 2.996314579;77
77164;ECHOUBOULAINS;77830;;ECHOUBOULAINS;48.463138191, 2.930014288;77
77262;LOUAN VILLEGRUIS FONTAINE;77560;FONTAINE SOUS MONTAIGUILLON;LOUAN VILLEGRUIS FONTAINE;48.614524882, 3.48933483;77
77336;NEUFMOUTIERS EN BRIE;77610;;NEUFMOUTIERS EN BRIE;48.774023154, 2.825916483;77
77350;OZOIR LA FERRIERE;77330;;OZOIR LA FERRIERE;48.763940835, 2.680230189;77
77407;ST FARGEAU PONTHIERRY;77310;;ST FARGEAU PONTHIERRY;48.538911417, 2.524704829;77
77436;ST SIMEON;77169;;ST SIMEON;48.804623864, 3.194538794;77
77440;SAMMERON;77260;;SAMMERON;48.942112359, 3.076683143;77
77442;SAMOREAU;77210;;SAMOREAU;48.419818579, 2.769157835;77
77444;SANCY LES PROVINS;77320;;SANCY LES PROVINS;48.709852705, 3.393426506;77
78003;ABLIS;78660;;ABLIS;48.528463606, 1.850859166;78
78160;CHEVREUSE;78460;;CHEVREUSE;48.707100858, 2.037387133;78
78397;LE MESNIL ST DENIS;78320;;LE MESNIL ST DENIS;48.740751418, 1.965936845;78
91195;DANNEMOIS;91490;;DANNEMOIS;48.45974658, 2.465468838;91
91560;ST JEAN DE BEAUREGARD;91940;;ST JEAN DE BEAUREGARD;48.665836914, 2.172226269;91
91657;VIGNEUX SUR SEINE;91270;;VIGNEUX SUR SEINE;48.704173357, 2.427472385;91
92012;BOULOGNE BILLANCOURT;92100;;BOULOGNE BILLANCOURT;48.836400822, 2.239066161;92
92048;MEUDON;92190;;MEUDON;48.804093282, 2.227332801;92
92060;LE PLESSIS ROBINSON;92350;ROBINSON;LE PLESSIS ROBINSON;48.780251597, 2.25980883;92
92076;VAUCRESSON;92420;;VAUCRESSON;48.842089267, 2.16063419;92
93049;NEUILLY PLAISANCE;93360;;NEUILLY PLAISANCE;48.864367187, 2.509996689;93
94076;VILLEJUIF;94800;;VILLEJUIF;48.792392355, 2.35987795;94
95051;BEAUCHAMP;95250;;BEAUCHAMP;49.015006767, 2.191756994;95
95539;ST BRICE SOUS FORET;95350;;ST BRICE SOUS FORET;49.001942556, 2.349660792;95
77010;AUBEPIERRE OZOUER LE REPOS;77720;OZOUER LE REPOS;AUBEPIERRE OZOUER LE REPOS;48.619969635, 2.903442764;77
77014;AVON;77210;;AVON;48.413236599, 2.732936976;77
77026;BEAUCHERY ST MARTIN;77560;ST MARTIN CHENNETRON;BEAUCHERY ST MARTIN;48.602164551, 3.420786944;77
77045;BOUGLIGNY;77570;;BOUGLIGNY;48.199154099, 2.666643649;77
77058;BUSSY ST GEORGES;77600;;BUSSY ST GEORGES;48.830863087, 2.722990758;77
77089;LA CHAPELLE RABLAIS;77370;;LA CHAPELLE RABLAIS;48.506183066, 2.960293017;77
77095;CHARNY;77410;;CHARNY;48.969607617, 2.756065855;77
77182;LA FERTE GAUCHER;77320;;LA FERTE GAUCHER;48.787870552, 3.304171766;77
77192;FONTENAY TRESIGNY;77610;;FONTENAY TRESIGNY;48.698183822, 2.861671908;77
77206;GIREMOUTIERS;77120;;GIREMOUTIERS;48.852489445, 3.032477099;77
77228;HONDEVILLIERS;77510;;HONDEVILLIERS;48.903642049, 3.312416593;77
77264;LUMIGNY NESLES ORMEAUX;77540;;LUMIGNY NESLES ORMEAUX;48.719641692, 2.953592052;77
77434;ST SAUVEUR LES BRAY;77480;;ST SAUVEUR LES BRAY;48.437670564, 3.205175982;77
77451;SIGNY SIGNETS;77640;;SIGNY SIGNETS;48.9173914, 3.063858526;77
77480;VALENCE EN BRIE;77830;;VALENCE EN BRIE;48.446608135, 2.89264056;77
78005;ACHERES;78260;;ACHERES;48.967914935, 2.065775509;78
78015;ANDRESY;78570;;ANDRESY;48.981584282, 2.04971852;78
78029;AUBERGENVILLE;78410;;AUBERGENVILLE;48.962720904, 1.849559735;78
78036;AUTOUILLET;78770;;AUTOUILLET;48.844088345, 1.797003757;78
78297;GUYANCOURT;78280;;GUYANCOURT;48.773058155, 2.075795692;78
78569;STE MESME;78730;;STE MESME;48.535810688, 1.941191495;78
78576;ST REMY L HONORE;78690;;ST REMY L HONORE;48.748734828, 1.875834577;78
91106;BREUX JOUY;91650;;BREUX JOUY;48.554663889, 2.160714487;91
91121;BUNO BONNEVAUX;91720;;BUNO BONNEVAUX;48.357152004, 2.406864727;91
91458;NOZAY;91620;;NOZAY;48.660749931, 2.238250389;91
91671;VILLENEUVE SUR AUVERS;91580;;VILLENEUVE SUR AUVERS;48.466815446, 2.253780258;91
91685;VILLIERS SUR ORGE;91700;;VILLIERS SUR ORGE;48.659131592, 2.299304308;91
91692;LES ULIS;91940;;LES ULIS;48.681300434, 2.195008928;91
93048;MONTREUIL;93100;;MONTREUIL;48.86351321, 2.448636297;93
94060;LA QUEUE EN BRIE;94510;;LA QUEUE EN BRIE;48.777344015, 2.584471181;94
95323;JOUY LE MOUTIER;95280;VINCOURT;JOUY LE MOUTIER;49.010991384, 2.033483228;95
95476;OSNY;95520;;OSNY;49.067941998, 2.063102587;95
95480;PARMAIN;95620;;PARMAIN;49.122876265, 2.201090519;95
95489;PISCOP;95350;;PISCOP;49.016539208, 2.341408982;95
75111;PARIS 11;75011;;PARIS;48.859054908, 2.380025153;75
77019;BALLOY;77118;;BALLOY;48.397093788, 3.151318742;77
77022;BARBIZON;77630;;BARBIZON;48.448347603, 2.600809608;77
77059;BUSSY ST MARTIN;77600;;BUSSY ST MARTIN;48.846084524, 2.679076637;77
77112;CHEVRAINVILLIERS;77760;;CHEVRAINVILLIERS;48.245970358, 2.602208261;77
77183;LA FERTE SOUS JOUARRE;77260;;LA FERTE SOUS JOUARRE;48.953965948, 3.128431941;77
77186;FONTAINEBLEAU;77300;;FONTAINEBLEAU;48.406515646, 2.680925371;77
77197;FRETOY;77320;;FRETOY;48.706271271, 3.202290315;77
77208;GOUAIX;77114;;GOUAIX;48.476200115, 3.296410573;77
77224;HAUTEFEUILLE;77515;;HAUTEFEUILLE;48.766650145, 2.963093633;77
77230;ICHY;77890;;ICHY;48.206654178, 2.541348077;77
77234;JABLINES;77450;;JABLINES;48.914491697, 2.756994851;77
77284;MEAUX;77100;;MEAUX;48.956861307, 2.90006062;77
77289;MELZ SUR SEINE;77171;;MELZ SUR SEINE;48.504194211, 3.397091313;77
77372;POMPONNE;77400;LA POMPONNETTE;POMPONNE;48.886880992, 2.674750482;77
77389;LA ROCHETTE;77000;;LA ROCHETTE;48.506431874, 2.659248553;77
77413;ST GERMAIN SUR MORIN;77860;;ST GERMAIN SUR MORIN;48.875161835, 2.841219853;77
77504;VILLEMARECHAL;77710;;VILLEMARECHAL;48.272016653, 2.875857943;77
77517;VILLEVAUDE;77410;BORDEAUX;VILLEVAUDE;48.911990502, 2.661890564;77
77525;VINANTES;77230;;VINANTES;49.003563215, 2.739419053;77
78227;EVECQUEMONT;78740;;EVECQUEMONT;49.01719632, 1.94261171;78
78314;ISSOU;78440;;ISSOU;48.986824407, 1.789073513;78
78474;ORVILLIERS;78910;;ORVILLIERS;48.854655854, 1.642493279;78
78536;SAILLY;78440;;SAILLY;49.042953885, 1.793560905;78
92035;LA GARENNE COLOMBES;92250;;LA GARENNE COLOMBES;48.906873428, 2.245228942;92
92064;ST CLOUD;92210;;ST CLOUD;48.842563081, 2.208695657;92
94033;FONTENAY SOUS BOIS;94120;;FONTENAY SOUS BOIS;48.851226859, 2.474030123;94
95199;DOMONT;95330;;DOMONT;49.030025383, 2.323249469;95
95309;HODENT;95420;;HODENT;49.142472662, 1.762560638;95
95392;MERIEL;95630;;MERIEL;49.077094583, 2.213411713;95
95651;VETHEUIL;95510;;VETHEUIL;49.06207605, 1.707122338;95
77040;BOISSISE LE ROI;77310;;BOISSISE LE ROI;48.512849872, 2.569550754;77
77124;CONCHES SUR GONDOIRE;77600;;CONCHES SUR GONDOIRE;48.858405555, 2.718794405;77
77176;FAREMOUTIERS;77515;;FAREMOUTIERS;48.77920222, 2.999862647;77
77191;FONTENAILLES;77370;;FONTENAILLES;48.53244496, 2.926644656;77
77203;GERMIGNY L EVEQUE;77910;;GERMIGNY L EVEQUE;48.986158763, 2.957514174;77
77233;IVERNY;77165;;IVERNY;48.996680686, 2.790687296;77
77238;JOUARRE;77640;;JOUARRE;48.902516979, 3.112763253;77
77316;MORET LOING ET ORVANNE;77250;MONTARLOT;MORET LOING ET ORVANNE;48.354686543, 2.819738834;77
77330;NANTEUIL LES MEAUX;77100;;NANTEUIL LES MEAUX;48.928110279, 2.898553372;77
77367;LE PLESSIS PLACY;77440;;LE PLESSIS PLACY;49.053064419, 2.985036336;77
77447;SEINE PORT;77240;;SEINE PORT;48.551341945, 2.554134136;77
77507;VILLENAUXE LA PETITE;77480;;VILLENAUXE LA PETITE;48.400465031, 3.313259007;77
78062;BEYNES;78650;VAL DES QUATRE PIGNONS;BEYNES;48.854527247, 1.869760642;78
78165;LES CLAYES SOUS BOIS;78340;;LES CLAYES SOUS BOIS;48.818768304, 1.983713233;78
78389;MERE;78490;;MERE;48.795847516, 1.820602205;78
78486;LE PERRAY EN YVELINES;78610;;LE PERRAY EN YVELINES;48.696238177, 1.843382727;78
78621;TRAPPES;78190;;TRAPPES;48.775754847, 1.994019041;78
91179;LE COUDRAY MONTCEAUX;91830;LE PLESSIS CHENET;LE COUDRAY MONTCEAUX;48.558603857, 2.487529571;91
91339;LINAS;91310;;LINAS;48.626192771, 2.251820401;91
92033;GARCHES;92380;;GARCHES;48.84550185, 2.187473342;92
93064;ROSNY SOUS BOIS;93110;;ROSNY SOUS BOIS;48.87491844, 2.48590027;93
94059;LE PLESSIS TREVISE;94420;;LE PLESSIS TREVISE;48.805764129, 2.576362894;94
95040;AVERNES;95450;GADANCOURT;AVERNES;49.091441006, 1.866777119;95
95052;BEAUMONT SUR OISE;95260;;BEAUMONT SUR OISE;49.140404504, 2.30024802;95
95258;FROUVILLE;95690;;FROUVILLE;49.157831608, 2.146384873;95
95612;LE THILLAY;95500;;LE THILLAY;49.004213797, 2.469845422;95
75106;PARIS 06;75006;;PARIS;48.84912057, 2.332883793;75
75114;PARIS 14;75014;;PARIS;48.829262233, 2.326537267;75
77010;AUBEPIERRE OZOUER LE REPOS;77720;;AUBEPIERRE OZOUER LE REPOS;48.619969635, 2.903442764;77
77078;CHAMIGNY;77260;;CHAMIGNY;48.985194213, 3.141713493;77
77198;FROMONT;77760;;FROMONT;48.253444259, 2.507679584;77
77256;LIZINES;77650;;LIZINES;48.528270763, 3.165699106;77
77303;MONTDAUPHIN;77320;;MONTDAUPHIN;48.852544799, 3.419772785;77
77316;MORET LOING ET ORVANNE;77250;ECUELLES;MORET LOING ET ORVANNE;48.354686543, 2.819738834;77
77374;PONTCARRE;77135;;PONTCARRE;48.796140319, 2.708077296;77
77379;PROVINS;77160;;PROVINS;48.562992152, 3.287698495;77
77418;ST LOUP DE NAUD;77650;;ST LOUP DE NAUD;48.536668132, 3.218650089;77
77428;ST OUEN EN BRIE;77720;;ST OUEN EN BRIE;48.565555122, 2.920094677;77
77433;BEAUTHEIL SAINTS;77120;SAINTS;BEAUTHEIL SAINTS;48.763240732, 3.076987933;77
77526;VINCY MANOEUVRE;77139;;VINCY MANOEUVRE;49.075564606, 2.958188117;77
78010;LES ALLUETS LE ROI;78580;;LES ALLUETS LE ROI;48.913985039, 1.915038783;78
78034;AUTEUIL;78770;;AUTEUIL;48.839591737, 1.819682429;78
78048;BAZAINVILLE;78550;;BAZAINVILLE;48.806956033, 1.667004597;78
78108;LES BREVIAIRES;78610;;LES BREVIAIRES;48.721352684, 1.816439397;78
78209;EMANCE;78125;;EMANCE;48.591015463, 1.733915555;78
78245;FONTENAY MAUVOISIN;78200;;FONTENAY MAUVOISIN;48.960644071, 1.647482151;78
78317;JAMBVILLE;78440;;JAMBVILLE;49.048073009, 1.849276682;78
78490;PLAISIR;78370;;PLAISIR;48.812531997, 1.946829653;78
78506;PRUNAY EN YVELINES;78660;;PRUNAY EN YVELINES;48.526366733, 1.804987527;78
91340;LISSES;91090;;LISSES;48.597005764, 2.424587432;91
91377;MASSY;91300;;MASSY;48.72750723, 2.275240048;91
91538;ST AUBIN;91190;VILLERAS;ST AUBIN;48.714872473, 2.139502723;91
93001;AUBERVILLIERS;93300;;AUBERVILLIERS;48.912490578, 2.384529976;93
93006;BAGNOLET;93170;;BAGNOLET;48.869038019, 2.422697136;93
94004;BOISSY ST LEGER;94470;;BOISSY ST LEGER;48.747047399, 2.525046124;94
95102;BREANCON;95640;;BREANCON;49.149171382, 2.023077572;95
95183;COURDIMANCHE;95800;;COURDIMANCHE;49.041098761, 1.998749157;95
95301;HAUTE ISLE;95780;;HAUTE ISLE;49.08347563, 1.663060183;95
95313;L ISLE ADAM;95290;;L ISLE ADAM;49.107552227, 2.23444498;95
95427;MONTMAGNY;95360;;MONTMAGNY;48.970064721, 2.345419123;95
95541;ST CLAIR SUR EPTE;95770;;ST CLAIR SUR EPTE;49.213259944, 1.703014579;95
75112;PARIS 12;75012;;PARIS;48.834961818, 2.42138541;75
77032;BETON BAZOCHES;77320;;BETON BAZOCHES;48.707618398, 3.246286861;77
77057;BUSSIERES;77750;;BUSSIERES;48.926760649, 3.237129977;77
77195;FOUJU;77390;;FOUJU;48.587557939, 2.765323151;77
77286;MEIGNEUX;77520;;MEIGNEUX;48.513544233, 3.097160667;77
77293;MISY SUR YONNE;77130;;MISY SUR YONNE;48.365492628, 3.095115023;77
77308;MONTGE EN GOELE;77230;;MONTGE EN GOELE;49.029692608, 2.74358632;77
77467;LA TOMBE;77130;;LA TOMBE;48.386672953, 3.09317412;77
77524;VIMPELLES;77520;;VIMPELLES;48.443236814, 3.166001583;77
78404;MILLEMONT;78940;;MILLEMONT;48.807997958, 1.725974842;78
78601;SONCHAMP;78120;;SONCHAMP;48.588094376, 1.868745798;78
78674;VILLEPREUX;78450;;VILLEPREUX;48.831106067, 2.012426837;78
91041;AVRAINVILLE;91630;;AVRAINVILLE;48.557349367, 2.243918856;91
91112;BROUY;91150;;BROUY;48.326600472, 2.289361406;91
91568;ST MAURICE MONTCOURONNE;91530;;ST MAURICE MONTCOURONNE;48.578810246, 2.120556534;91
91679;VILLIERS LE BACLE;91190;;VILLIERS LE BACLE;48.729064972, 2.122000123;91
91691;YERRES;91330;;YERRES;48.71619444, 2.493068637;91
93055;PANTIN;93500;;PANTIN;48.898544399, 2.409100445;93
94017;CHAMPIGNY SUR MARNE;94500;;CHAMPIGNY SUR MARNE;48.817396568, 2.516989292;94
95176;CORMEILLES EN PARISIS;95240;;CORMEILLES EN PARISIS;48.968653473, 2.199199792;95
95256;FREPILLON;95740;;FREPILLON;49.049985455, 2.205080296;95
95424;MONTIGNY LES CORMEILLES;95370;;MONTIGNY LES CORMEILLES;48.993711113, 2.194320017;95
95428;MONTMORENCY;95160;;MONTMORENCY;48.991738548, 2.320739048;95
95566;ST MARTIN DU TERTRE;95270;;ST MARTIN DU TERTRE;49.103623719, 2.335125035;95
95572;ST OUEN L AUMONE;95310;;ST OUEN L AUMONE;49.044487055, 2.129180256;95
95607;TAVERNY;95150;;TAVERNY;49.026361092, 2.220661508;95
77020;BANNOST VILLEGAGNON;77970;;BANNOST VILLEGAGNON;48.675542321, 3.19174446;77
77033;BEZALLES;77970;;BEZALLES;48.667315384, 3.240070037;77
77063;LA CELLE SUR MORIN;77515;;LA CELLE SUR MORIN;48.797009225, 2.971811391;77
77085;CHANTELOUP EN BRIE;77600;;CHANTELOUP EN BRIE;48.858225613, 2.740089519;77
77110;CHENOU;77570;;CHENOU;48.165124346, 2.652476368;77
77255;LIVRY SUR SEINE;77000;;LIVRY SUR SEINE;48.505178762, 2.685681399;77
77257;LIZY SUR OURCQ;77440;;LIZY SUR OURCQ;49.035262879, 3.01911244;77
77312;MONTIGNY SUR LOING;77690;;MONTIGNY SUR LOING;48.340635219, 2.750259737;77
77313;MONTMACHOUX;77940;;MONTMACHOUX;48.31979932, 2.99278843;77
77335;CHAUCONIN NEUFMONTIERS;77124;NEUFMONTIERS LES MEAUX;CHAUCONIN NEUFMONTIERS;48.972295956, 2.831255098;77
77460;TANCROU;77440;;TANCROU;49.003863277, 3.080175508;77
77474;TRILBARDOU;77450;;TRILBARDOU;48.948721634, 2.804740515;77
77493;VERNEUIL L ETANG;77390;;VERNEUIL L ETANG;48.636494239, 2.831927646;77
77498;VIGNELY;77450;;VIGNELY;48.931868809, 2.815583898;77
77534;YEBLES;77390;;YEBLES;48.637231884, 2.769101712;77
78571;ST NOM LA BRETECHE;78860;;ST NOM LA BRETECHE;48.863157933, 2.018960257;78
78642;VERNEUIL SUR SEINE;78480;;VERNEUIL SUR SEINE;48.986978789, 1.962958272;78
78677;VILLETTE;78930;;VILLETTE;48.926577457, 1.693603321;78
91001;ABBEVILLE LA RIVIERE;91150;;ABBEVILLE LA RIVIERE;48.343284985, 2.191127606;91
91122;BURES SUR YVETTE;91440;;BURES SUR YVETTE;48.693040121, 2.158507422;91
91521;RIS ORANGIS;91130;;RIS ORANGIS;48.645608238, 2.40818892;91
91619;TORFOU;91730;;TORFOU;48.531838018, 2.234442297;91
93029;DRANCY;93700;;DRANCY;48.923469067, 2.444562389;93
93066;ST DENIS;93200;;ST DENIS;48.929643578, 2.359289324;93
94048;MAROLLES EN BRIE;94440;;MAROLLES EN BRIE;48.739547757, 2.554858687;94
95011;AMBLEVILLE;95710;;AMBLEVILLE;49.150476298, 1.694631625;95
95019;ARNOUVILLE;95400;;ARNOUVILLE;48.986083553, 2.417139933;95
95149;CHAUMONTEL;95270;;CHAUMONTEL;49.128484415, 2.435953796;95
95447;NEUILLY EN VEXIN;95640;;NEUILLY EN VEXIN;49.174032903, 1.97935129;95
95529;RONQUEROLLES;95340;;RONQUEROLLES;49.167578463, 2.212832895;95
95574;ST PRIX;95390;;ST PRIX;49.020813573, 2.27027047;95
75105;PARIS 05;75005;;PARIS;48.844452823, 2.350706645;75
75120;PARIS 20;75020;;PARIS;48.863457789, 2.401155799;75
77011;AUFFERVILLE;77570;;AUFFERVILLE;48.204874802, 2.601225988;77
77030;BELLOT;77510;;BELLOT;48.841877156, 3.323964459;77
77060;BUTHIERS;77760;;BUTHIERS;48.287091433, 2.453894161;77
77239;JOUY LE CHATEL;77970;;JOUY LE CHATEL;48.664124697, 3.13524455;77
77249;LESIGNY;77150;;LESIGNY;48.749170435, 2.615962185;77
77327;NANGIS;77370;;NANGIS;48.554486709, 3.008884705;77
77332;NANTOUILLET;77230;;NANTOUILLET;49.000612628, 2.701016703;77
77398;SABLONNIERES;77510;;SABLONNIERES;48.876326573, 3.293071494;77
77414;ST HILLIERS;77160;;ST HILLIERS;48.628932506, 3.258017019;77
77462;THIEUX;77230;;THIEUX;49.009010795, 2.662553618;77
77475;TRILPORT;77470;;TRILPORT;48.958603377, 2.96655236;77
77489;VAUX SUR LUNAIN;77710;;VAUX SUR LUNAIN;48.216495181, 2.956878876;77
77501;VILLECERF;77250;;VILLECERF;48.326790131, 2.846284536;77
77504;VILLEMARECHAL;77710;ST ANGE LE VIEL;VILLEMARECHAL;48.272016653, 2.875857943;77
78077;LA BOISSIERE ECOLE;78125;;LA BOISSIERE ECOLE;48.68994, 1.667717733;78
78082;BOISSY MAUVOISIN;78200;;BOISSY MAUVOISIN;48.966333279, 1.581601093;78
78090;BOUAFLE;78410;;BOUAFLE;48.960180189, 1.897374735;78
78413;MONDREVILLE;78980;;MONDREVILLE;48.904018129, 1.557128642;78
78415;MONTAINVILLE;78124;;MONTAINVILLE;48.880047932, 1.852536969;78
78683;VILLIERS ST FREDERIC;78640;;VILLIERS ST FREDERIC;48.820377155, 1.882792132;78
91315;ITTEVILLE;91760;;ITTEVILLE;48.514301911, 2.343599462;91
93079;VILLETANEUSE;93430;;VILLETANEUSE;48.957545912, 2.345516528;93
94074;VALENTON;94460;;VALENTON;48.752728069, 2.461236106;94
95056;BELLOY EN FRANCE;95270;;BELLOY EN FRANCE;49.092228842, 2.371378479;95
95254;FREMECOURT;95830;;FREMECOURT;49.123173928, 1.993248998;95
95353;MAFFLIERS;95560;;MAFFLIERS;49.083860628, 2.311957058;95
95395;LE MESNIL AUBRY;95720;;LE MESNIL AUBRY;49.053747992, 2.39193391;95
95527;ROISSY EN FRANCE;95700;ROISSY AEROPORT CHARLES DE GAULLE;ROISSY EN FRANCE;49.006657374, 2.513698714;95
95682;VILLIERS LE SEC;95720;;VILLIERS LE SEC;49.074551975, 2.386594087;95
77039;BOISSISE LA BERTRAND;77350;;BOISSISE LA BERTRAND;48.534147164, 2.589893761;77
77061;CANNES ECLUSE;77130;;CANNES ECLUSE;48.364775484, 2.990559168;77
77102;CHATENOY;77167;;CHATENOY;48.230985344, 2.627871561;77
77181;FERRIERES EN BRIE;77164;;FERRIERES EN BRIE;48.820236707, 2.707916244;77
77185;FLEURY EN BIERE;77930;;FLEURY EN BIERE;48.445123988, 2.540829873;77
77254;LIVERDY EN BRIE;77220;;LIVERDY EN BRIE;48.69526083, 2.780078797;77
78123;CARRIERES SOUS POISSY;78955;;CARRIERES SOUS POISSY;48.94570054, 2.028794429;78
78140;CHAPET;78130;;CHAPET;48.968308805, 1.938957991;78
78202;DROCOURT;78440;;DROCOURT;49.05204714, 1.767825662;78
78382;MAURECOURT;78780;;MAURECOURT;48.998670834, 2.053043213;78
78431;MORAINVILLIERS;78630;;MORAINVILLIERS;48.933321989, 1.94535877;78
78605;TACOIGNIERES;78910;;TACOIGNIERES;48.832635262, 1.665302121;78
78606;LE TARTRE GAUDRAN;78113;;LE TARTRE GAUDRAN;48.69683197, 1.603668805;78
91080;BOISSY LE CUTTE;91590;;BOISSY LE CUTTE;48.470389499, 2.285033415;91
91145;CHATIGNONVILLE;91410;;CHATIGNONVILLE;48.469412834, 1.932111437;91
91359;MAISSE;91720;;MAISSE;48.396505697, 2.37074022;91
91376;MAROLLES EN HUREPOIX;91630;;MAROLLES EN HUREPOIX;48.564568271, 2.299591744;91
91461;OLLAINVILLE;91340;;OLLAINVILLE;48.606135209, 2.218842987;91
91570;ST MICHEL SUR ORGE;91240;;ST MICHEL SUR ORGE;48.632105215, 2.312175448;91
91661;VILLEBON SUR YVETTE;91140;;VILLEBON SUR YVETTE;48.695926703, 2.235331474;91
94071;SUCY EN BRIE;94370;LES BRUYERES;SUCY EN BRIE;48.765666849, 2.533133337;94
95257;LA FRETTE SUR SEINE;95530;;LA FRETTE SUR SEINE;48.975019705, 2.178020378;95
95271;GENICOURT;95650;;GENICOURT;49.094890514, 2.06067487;95
95422;MONTGEROULT;95650;;MONTGEROULT;49.090690663, 2.007659129;95
95500;PONTOISE;95000;;PONTOISE;49.051577748, 2.094574042;95
95637;VAUREAL;95490;;VAUREAL;49.029482569, 2.02423558;95
75104;PARIS 04;75004;;PARIS;48.854350603, 2.357625608;75
77275;LES MARETS;77560;;LES MARETS;48.672496749, 3.31572937;77
77297;MONDREVILLE;77570;;MONDREVILLE;48.1507567, 2.597489152;77
77315;MONTRY;77450;;MONTRY;48.886181681, 2.823653323;77
77316;MORET LOING ET ORVANNE;77250;MORET SUR LOING;MORET LOING ET ORVANNE;48.354686543, 2.819738834;77
77329;NANTEAU SUR LUNAIN;77710;;NANTEAU SUR LUNAIN;48.254371875, 2.813053972;77
77370;POLIGNY;77167;;POLIGNY;48.233870662, 2.756057464;77
77406;ST DENIS LES REBAIS;77510;;ST DENIS LES REBAIS;48.845316513, 3.199495535;77
77461;THENISY;77520;;THENISY;48.491589694, 3.17805768;77
77509;VILLENEUVE LES BORDES;77154;;VILLENEUVE LES BORDES;48.49394233, 3.030788938;77
77519;VILLIERS ST GEORGES;77560;;VILLIERS ST GEORGES;48.652024753, 3.407904445;77
78072;BOINVILLIERS;78200;;BOINVILLIERS;48.920586735, 1.663095101;78
78164;CLAIREFONTAINE EN YVELINES;78120;;CLAIREFONTAINE EN YVELINES;48.616399423, 1.906426729;78
78242;FONTENAY LE FLEURY;78330;;FONTENAY LE FLEURY;48.817381128, 2.046651464;78
78285;GRESSEY;78550;;GRESSEY;48.832274161, 1.603283706;78
78302;LA HAUTEVILLE;78113;;LA HAUTEVILLE;48.704663779, 1.626941943;78
78337;LIMETZ VILLEZ;78270;;LIMETZ VILLEZ;49.059961915, 1.549998264;78
78384;MEDAN;78670;;MEDAN;48.954575701, 1.987332276;78
78406;MILON LA CHAPELLE;78470;;MILON LA CHAPELLE;48.728341025, 2.047061319;78
78522;ROCHEFORT EN YVELINES;78730;;ROCHEFORT EN YVELINES;48.592078694, 1.979452196;78
91016;ANGERVILLE;91670;;ANGERVILLE;48.309573391, 2.005568775;91
91122;BURES SUR YVETTE;91440;MONTJAY;BURES SUR YVETTE;48.693040121, 2.158507422;91
91511;PUSSAY;91740;;PUSSAY;48.35015426, 1.997202842;91
92075;VANVES;92170;;VANVES;48.821542393, 2.287396637;92
93008;BOBIGNY;93000;;BOBIGNY;48.907435801, 2.439842933;93
93032;GAGNY;93220;;GAGNY;48.881719762, 2.545716677;93
94038;L HAY LES ROSES;94240;;L HAY LES ROSES;48.77621691, 2.337698598;94
94081;VITRY SUR SEINE;94400;;VITRY SUR SEINE;48.788118568, 2.394516098;94
95061;BETHEMONT LA FORET;95840;;BETHEMONT LA FORET;49.054438671, 2.251184389;95
95211;ENNERY;95300;;ENNERY;49.078002941, 2.109321347;95
95214;EPINAY CHAMPLATREUX;95270;;EPINAY CHAMPLATREUX;49.090493052, 2.406371004;95
95675;VILLERON;95380;;VILLERON;49.060719686, 2.534858214;95
95678;VILLIERS ADAM;95840;;VILLIERS ADAM;49.069898107, 2.238718551;95
77215;GRETZ ARMAINVILLIERS;77220;;GRETZ ARMAINVILLIERS;48.748604257, 2.726276153;77
77218;GRISY SUR SEINE;77480;;GRISY SUR SEINE;48.439434385, 3.317237576;77
77366;LE PLESSIS L EVEQUE;77165;;LE PLESSIS L EVEQUE;49.0074245, 2.794736072;77
77479;VAIRES SUR MARNE;77360;;VAIRES SUR MARNE;48.869814204, 2.635489374;77
77487;VAUX LE PENIL;77000;;VAUX LE PENIL;48.524357339, 2.697674267;77
78255;FRENEUSE;78840;;FRENEUSE;49.049335759, 1.610211048;78
78296;GUITRANCOURT;78440;;GUITRANCOURT;49.007650509, 1.779453859;78
78300;HARGEVILLE;78790;;HARGEVILLE;48.895139741, 1.746682865;78
78383;MAUREPAS;78310;;MAUREPAS;48.77020614, 1.923673013;78
78618;TILLY;78790;;TILLY;48.877615224, 1.574976216;78
78623;LE TREMBLAY SUR MAULDRE;78490;;LE TREMBLAY SUR MAULDRE;48.783217265, 1.877592658;78
91184;COURDIMANCHE SUR ESSONNE;91720;;COURDIMANCHE SUR ESSONNE;48.418215634, 2.363692385;91
91247;LA FORET LE ROI;91410;;LA FORET LE ROI;48.475365841, 2.047620155;91
91345;LONGJUMEAU;91160;BALIZY;LONGJUMEAU;48.689811714, 2.30290407;91
91573;ST PIERRE DU PERRAY;91280;;ST PIERRE DU PERRAY;48.605457849, 2.517419622;91
92009;BOIS COLOMBES;92270;;BOIS COLOMBES;48.915452087, 2.268139583;92
94037;GENTILLY;94250;;GENTILLY;48.813266743, 2.344190973;94
94070;SANTENY;94440;;SANTENY;48.735294459, 2.57631507;94
95039;AUVERS SUR OISE;95430;;AUVERS SUR OISE;49.080695614, 2.154663979;95
95210;ENGHIEN LES BAINS;95880;;ENGHIEN LES BAINS;48.969675214, 2.304737858;95
95592;SERAINCOURT;95450;;SERAINCOURT;49.041656503, 1.878742671;95
77015;BABY;77480;;BABY;48.389474863, 3.344826108;77
77076;CHALMAISON;77650;;CHALMAISON;48.489763986, 3.256089394;77
77090;LA CHAPELLE ST SULPICE;77160;;LA CHAPELLE ST SULPICE;48.558263871, 3.17917823;77
77120;COCHEREL;77440;;COCHEREL;49.018669085, 3.106057108;77
77132;COUPVRAY;77700;;COUPVRAY;48.885771198, 2.793406447;77
77179;FERICY;77133;;FERICY;48.46494806, 2.804263667;77
77280;MARY SUR MARNE;77440;;MARY SUR MARNE;49.015578994, 3.033665472;77
77386;RECLOSES;77760;;RECLOSES;48.339852345, 2.642244196;77
77401;STE AULDE;77260;;STE AULDE;49.003231556, 3.174576044;77
77458;SOUPPES SUR LOING;77460;;SOUPPES SUR LOING;48.187022098, 2.747316996;77
77532;VULAINES LES PROVINS;77160;;VULAINES LES PROVINS;48.563172865, 3.219258483;77
78043;BAILLY;78870;;BAILLY;48.836908799, 2.080545301;78
78062;BEYNES;78650;LA MALADRERIE;BEYNES;48.854527247, 1.869760642;78
78073;BOIS D ARCY;78390;;BOIS D ARCY;48.804564879, 2.017969687;78
78417;MONTCHAUVET;78790;;MONTCHAUVET;48.891560364, 1.626370985;78
91098;BOUTERVILLIERS;91150;;BOUTERVILLIERS;48.455664402, 2.051539487;91
91200;DOURDAN;91410;;DOURDAN;48.53594899, 1.993835055;91
91235;FLEURY MEROGIS;91700;;FLEURY MEROGIS;48.633340671, 2.368720994;91
91378;MAUCHAMPS;91730;;MAUCHAMPS;48.527299683, 2.197056099;91
91577;SAINTRY SUR SEINE;91250;;SAINTRY SUR SEINE;48.59255503, 2.494377774;91
91635;VAUHALLAN;91430;;VAUHALLAN;48.730768143, 2.19906351;91
91662;VILLECONIN;91580;;VILLECONIN;48.501928846, 2.128027786;91
92051;NEUILLY SUR SEINE;92200;;NEUILLY SUR SEINE;48.885661807, 2.266596324;92
94058;LE PERREUX SUR MARNE;94170;;LE PERREUX SUR MARNE;48.842291099, 2.50400578;94
95074;BOISEMONT;95000;;BOISEMONT;49.019060699, 2.004115253;95
95134;CHAMPAGNE SUR OISE;95660;;CHAMPAGNE SUR OISE;49.142509626, 2.228345358;95
95177;CORMEILLES EN VEXIN;95830;;CORMEILLES EN VEXIN;49.113357583, 2.019192461;95
95241;FONTENAY EN PARISIS;95190;;FONTENAY EN PARISIS;49.049926411, 2.445752206;95
95270;GENAINVILLE;95420;;GENAINVILLE;49.11693025, 1.754371607;95
95355;MAGNY EN VEXIN;95420;;MAGNY EN VEXIN;49.159260286, 1.810461753;95
95430;MONTSOULT;95560;;MONTSOULT;49.071313137, 2.304880726;95
75108;PARIS 08;75008;;PARIS;48.872724688, 2.312557715;75
77086;LA CHAPELLE GAUTHIER;77720;;LA CHAPELLE GAUTHIER;48.530198276, 2.862281306;77
77142;CRECY LA CHAPELLE;77580;LA CHAPELLE SUR CRECY;CRECY LA CHAPELLE;48.856760484, 2.933467393;77
77212;GRAVON;77118;;GRAVON;48.388125751, 3.125136442;77
77225;LA HAUTE MAISON;77580;;LA HAUTE MAISON;48.884223827, 3.005396296;77
77335;CHAUCONIN NEUFMONTIERS;77124;;CHAUCONIN NEUFMONTIERS;48.972295956, 2.831255098;77
77417;ST LEGER;77510;;ST LEGER;48.843603733, 3.27133633;77
77419;ST MAMMES;77670;;ST MAMMES;48.386883282, 2.819237369;77
77430;ST PATHUS;77178;;ST PATHUS;49.073774552, 2.78858956;77
77513;VILLENOY;77124;;VILLENOY;48.941663812, 2.851027449;77
78325;JUMEAUVILLE;78580;;JUMEAUVILLE;48.906917134, 1.783808359;78
78381;MAULETTE;78550;;MAULETTE;48.783490057, 1.615912424;78
78551;ST GERMAIN EN LAYE;78100;;ST GERMAIN EN LAYE;48.937287576, 2.096214868;78
78558;ST ILLIERS LA VILLE;78980;;ST ILLIERS LA VILLE;48.977782952, 1.544087499;78
91433;MORIGNY CHAMPIGNY;91150;;MORIGNY CHAMPIGNY;48.440625713, 2.207385974;91
91473;ORVEAU;91590;;ORVEAU;48.449035789, 2.296459096;91
91534;SACLAY;91400;;SACLAY;48.735923981, 2.166033197;91
91547;ST ESCOBILLE;91410;;ST ESCOBILLE;48.422589066, 1.95754312;91
91613;CONGERVILLE THIONVILLE;91740;;CONGERVILLE THIONVILLE;48.382499029, 1.99087837;91
94055;ORMESSON SUR MARNE;94490;;ORMESSON SUR MARNE;48.785828066, 2.539660672;94
94078;VILLENEUVE ST GEORGES;94190;;VILLENEUVE ST GEORGES;48.741877726, 2.449089194;94
95229;EZANVILLE;95460;;EZANVILLE;49.038584108, 2.362267931;95
95604;SURVILLIERS;95470;;SURVILLIERS;49.106233421, 2.544084915;95
75119;PARIS 19;75019;;PARIS;48.887051437, 2.384822082;75
77050;BRANSLES;77620;;BRANSLES;48.149011944, 2.827981309;77
77080;CHAMPCENEST;77560;;CHAMPCENEST;48.67105329, 3.275651963;77
77159;DONNEMARIE DONTILLY;77520;;DONNEMARIE DONTILLY;48.478498645, 3.117973352;77
77306;MONTEREAU SUR LE JARD;77950;;MONTEREAU SUR LE JARD;48.596650346, 2.672495739;77
77323;MOUSSY LE VIEUX;77230;;MOUSSY LE VIEUX;49.048052625, 2.623478178;77
77339;NOISY SUR ECOLE;77123;;NOISY SUR ECOLE;48.377397525, 2.508644662;77
77455;SOIGNOLLES EN BRIE;77111;;SOIGNOLLES EN BRIE;48.645014167, 2.707824338;77
77517;VILLEVAUDE;77410;MONTJAY LA TOUR;VILLEVAUDE;48.911990502, 2.661890564;77
78031;AUFFREVILLE BRASSEUIL;78930;;AUFFREVILLE BRASSEUIL;48.954634274, 1.705279672;78
78118;BUCHELAY;78200;;BUCHELAY;48.984325475, 1.673768387;78
78380;MAULE;78580;;MAULE;48.907465132, 1.83865173;78
78401;MEULAN EN YVELINES;78250;;MEULAN EN YVELINES;49.006530516, 1.913070591;78
78502;LE PORT MARLY;78560;;LE PORT MARLY;48.880475952, 2.109133464;78
91044;BALLAINVILLIERS;91160;;BALLAINVILLIERS;48.671671562, 2.289258475;91
91131;CHALOU MOULINEUX;91740;;CHALOU MOULINEUX;48.380719402, 2.025323954;91
91179;LE COUDRAY MONTCEAUX;91830;;LE COUDRAY MONTCEAUX;48.558603857, 2.487529571;91
91228;EVRY COURCOURONNES;91000;EVRY;EVRY COURCOURONNES;48.626896994, 2.43011442;91
91374;MAROLLES EN BEAUCE;91150;;MAROLLES EN BEAUCE;48.369009918, 2.204978467;91
91390;LE MEREVILLOIS;91660;MEREVILLE;LE MEREVILLOIS;48.316157016, 2.083754497;91
91479;PARAY VIEILLE POSTE;94390;ORLY AEROGARE;PARAY VIEILLE POSTE;48.724600412, 2.360024959;91
92077;VILLE D AVRAY;92410;;VILLE D AVRAY;48.821449246, 2.176374938;92
93070;ST OUEN SUR SEINE;93400;;ST OUEN SUR SEINE;48.90958922, 2.333479974;93
94003;ARCUEIL;94110;;ARCUEIL;48.805418818, 2.334016124;94
94011;BONNEUIL SUR MARNE;94380;;BONNEUIL SUR MARNE;48.773381326, 2.487751746;94
95026;ASNIERES SUR OISE;95270;;ASNIERES SUR OISE;49.14081839, 2.379558393;95
95151;CHAUVRY;95560;;CHAUVRY;49.053529118, 2.269189772;95
95316;JAGNY SOUS BOIS;95850;;JAGNY SOUS BOIS;49.081259318, 2.443533609;95
77047;BOULEURS;77580;;BOULEURS;48.878434669, 2.907922274;77
77059;BUSSY ST MARTIN;77600;RENTILLY;BUSSY ST MARTIN;48.846084524, 2.679076637;77
77066;CERNEUX;77320;;CERNEUX;48.705103072, 3.346765541;77
77207;GIRONVILLE;77890;;GIRONVILLE;48.162258699, 2.533567837;77
77221;GUERMANTES;77600;;GUERMANTES;48.851635925, 2.713174824;77
77262;LOUAN VILLEGRUIS FONTAINE;77560;VILLEGRUIS;LOUAN VILLEGRUIS FONTAINE;48.614524882, 3.48933483;77
77492;VERDELOT;77510;;VERDELOT;48.878935228, 3.365291426;77
77494;VERNOU LA CELLE SUR SEINE;77670;;VERNOU LA CELLE SUR SEINE;48.406307014, 2.853870747;77
77505;VILLEMAREUIL;77470;;VILLEMAREUIL;48.920215823, 2.984812037;77
77512;VILLENEUVE SUR BELLOT;77510;;VILLENEUVE SUR BELLOT;48.872773777, 3.332858845;77
78152;CHAVENAY;78450;;CHAVENAY;48.848339195, 1.982705704;78
78356;MAGNY LES HAMEAUX;78114;CRESSELY;MAGNY LES HAMEAUX;48.741021066, 2.052213427;78
78442;NEAUPHLE LE CHATEAU;78640;;NEAUPHLE LE CHATEAU;48.812374088, 1.904884615;78
78624;TRIEL SUR SEINE;78510;CHEVERCHEMONT;TRIEL SUR SEINE;48.978288982, 2.008358298;78
91069;BOIGNEVILLE;91720;;BOIGNEVILLE;48.328263826, 2.365799072;91
91223;ETAMPES;91150;;ETAMPES;48.421879549, 2.137893217;91
91232;LA FERTE ALAIS;91590;;LA FERTE ALAIS;48.481189114, 2.368102675;91
91477;PALAISEAU;91120;;PALAISEAU;48.714797957, 2.228671091;91
93053;NOISY LE SEC;93130;;NOISY LE SEC;48.891605263, 2.458441136;93
93071;SEVRAN;93270;;SEVRAN;48.938717628, 2.530589988;93
94044;LIMEIL BREVANNES;94450;;LIMEIL BREVANNES;48.745502894, 2.489056972;94
95365;MAREIL EN FRANCE;95850;;MAREIL EN FRANCE;49.069977905, 2.41751294;95
95438;MOUSSY;95640;;MOUSSY;49.135001307, 1.908791193;95
95584;SANTEUIL;95640;;SANTEUIL;49.129178586, 1.957878742;95
77118;CLAYE SOUILLY;77410;SOUILLY;CLAYE SOUILLY;48.942941014, 2.675081572;77
77138;COURTOMER;77390;;COURTOMER;48.657257281, 2.896259702;77
77155;DAMPMART;77400;;DAMPMART;48.894127047, 2.747086664;77
77235;JAIGNES;77440;;JAIGNES;48.986856557, 3.073914447;77
77285;LE MEE SUR SEINE;77350;;LE MEE SUR SEINE;48.539635881, 2.629511597;77
77294;MITRY MORY;77290;;MITRY MORY;48.978141182, 2.612409168;77
77360;PEZARCHES;77131;;PEZARCHES;48.743792429, 2.990318184;77
77385;REBAIS;77510;;REBAIS;48.857882089, 3.232929625;77
77423;ST MARTIN DES CHAMPS;77320;;ST MARTIN DES CHAMPS;48.788271731, 3.333416919;77
77433;BEAUTHEIL SAINTS;77120;BEAUTHEIL;BEAUTHEIL SAINTS;48.763240732, 3.076987933;77
77446;SAVINS;77650;;SAVINS;48.511738958, 3.204850906;77
77478;USSY SUR MARNE;77260;;USSY SUR MARNE;48.966510781, 3.081791683;77
77511;VILLENEUVE SOUS DAMMARTIN;77230;;VILLENEUVE SOUS DAMMARTIN;49.02856928, 2.635845603;77
77517;VILLEVAUDE;77410;;VILLEVAUDE;48.911990502, 2.661890564;77
78089;BONNIERES SUR SEINE;78270;;BONNIERES SUR SEINE;49.020719774, 1.571144812;78
78125;LA CELLE LES BORDES;78720;;LA CELLE LES BORDES;48.642033841, 1.94555521;78
78147;CHAUFOUR LES BONNIERES;78270;;CHAUFOUR LES BONNIERES;49.015757443, 1.4853735;78
78263;GAMBAIS;78950;;GAMBAIS;48.779467927, 1.67690176;78
78265;GARANCIERES;78890;;GARANCIERES;48.823519751, 1.758646553;78
78440;LES MUREAUX;78130;;LES MUREAUX;48.989294485, 1.91391108;78
78443;NEAUPHLE LE VIEUX;78640;;NEAUPHLE LE VIEUX;48.815632515, 1.858821573;78
91097;BOUSSY ST ANTOINE;91800;;BOUSSY ST ANTOINE;48.689503984, 2.533817972;91
91201;DRAVEIL;91210;;DRAVEIL;48.677735132, 2.421499681;91
91228;EVRY COURCOURONNES;91080;COURCOURONNES;EVRY COURCOURONNES;48.626896994, 2.43011442;91
91272;GIF SUR YVETTE;91190;;GIF SUR YVETTE;48.698575319, 2.12752088;91
91507;PRUNAY SUR ESSONNE;91720;;PRUNAY SUR ESSONNE;48.352296146, 2.361035479;91
91579;ST VRAIN;91770;;ST VRAIN;48.537055954, 2.323149476;91
93059;PIERREFITTE SUR SEINE;93380;;PIERREFITTE SUR SEINE;48.961062049, 2.363217687;93
93063;ROMAINVILLE;93230;;ROMAINVILLE;48.884683095, 2.438075777;93
94067;ST MANDE;94160;;ST MANDE;48.841029852, 2.418861571;94
95127;CERGY;95000;;CERGY;49.039967587, 2.051139021;95
77009;ARVILLE;77890;;ARVILLE;48.181094565, 2.556555461;77
77123;COMPANS;77290;;COMPANS;48.989372722, 2.656913475;77
77261;LORREZ LE BOCAGE PREAUX;77710;;LORREZ LE BOCAGE PREAUX;48.239519273, 2.896540766;77
77283;MAY EN MULTIEN;77145;;MAY EN MULTIEN;49.070063948, 3.024858111;77
77344;OISSERY;77178;;OISSERY;49.070264933, 2.817291655;77
77391;ROUILLY;77160;;ROUILLY;48.591341138, 3.289672498;77
77476;TROCY EN MULTIEN;77440;;TROCY EN MULTIEN;49.042452119, 2.962103623;77
77496;VIEUX CHAMPAGNE;77370;;VIEUX CHAMPAGNE;48.587355138, 3.138417782;77
78276;GOMMECOURT;78270;;GOMMECOURT;49.071175282, 1.594339478;78
78297;GUYANCOURT;78280;VILLAROY;GUYANCOURT;48.773058155, 2.075795692;78
91332;LEUDEVILLE;91630;;LEUDEVILLE;48.570576657, 2.327804655;91
91463;ONCY SUR ECOLE;91490;;ONCY SUR ECOLE;48.382397701, 2.458702833;91
91630;LE VAL ST GERMAIN;91530;;LE VAL ST GERMAIN;48.567539284, 2.080934882;91
91634;VAUGRIGNEUSE;91640;;VAUGRIGNEUSE;48.601359562, 2.105439998;91
95213;EPIAIS RHUS;95810;;EPIAIS RHUS;49.123702679, 2.073298803;95
95250;FOSSES;95470;;FOSSES;49.099828484, 2.499392214;95
95348;LONGUESSE;95450;;LONGUESSE;49.061879787, 1.926889405;95
95492;LE PLESSIS GASSOT;95720;;LE PLESSIS GASSOT;49.035986122, 2.414849753;95
95594;SEUGY;95270;;SEUGY;49.122748511, 2.393934179;95
95676;VILLERS EN ARTHIES;95510;;VILLERS EN ARTHIES;49.086021483, 1.730457359;95
77012;AUGERS EN BRIE;77560;;AUGERS EN BRIE;48.666829884, 3.352562231;77
77013;AULNOY;77120;;AULNOY;48.848856082, 3.089501816;77
77106;CHAUFFRY;77169;;CHAUFFRY;48.821576249, 3.180787206;77
77130;COULOMMES;77580;;COULOMMES;48.891725411, 2.929310544;77
77168;EGREVILLE;77620;;EGREVILLE;48.182103266, 2.88394777;77
77171;ESBLY;77450;;ESBLY;48.90111396, 2.812647734;77
77209;GOUVERNES;77400;;GOUVERNES;48.858129416, 2.694433598;77
77226;HERICY;77850;;HERICY;48.441915491, 2.788647722;77
77229;LA HOUSSAYE EN BRIE;77610;;LA HOUSSAYE EN BRIE;48.75582016, 2.867850292;77
77309;MONTHYON;77122;;MONTHYON;49.009921788, 2.832127797;77
77328;NANTEAU SUR ESSONNE;77760;;NANTEAU SUR ESSONNE;48.320386101, 2.426171485;77
77353;PALEY;77710;;PALEY;48.241217748, 2.854013082;77
77416;ST JUST EN BRIE;77370;;ST JUST EN BRIE;48.610922199, 3.120998294;77
78009;ALLAINVILLE;78660;;ALLAINVILLE AUX BOIS;48.467503784, 1.902700771;78
78133;CHAMBOURCY;78240;;CHAMBOURCY;48.896484237, 2.032880473;78
78407;MITTAINVILLE;78125;;MITTAINVILLE;48.662766364, 1.635730273;78
78497;POIGNY LA FORET;78125;;POIGNY LA FORET;48.683132349, 1.754058936;78
78597;SOINDRES;78200;;SOINDRES;48.953667315, 1.671553521;78
91114;BRUNOY;91800;;BRUNOY;48.696482514, 2.503772936;91
91639;VAYRES SUR ESSONNE;91820;;VAYRES SUR ESSONNE;48.431731467, 2.346279905;91
92020;CHATILLON;92320;;CHATILLON;48.80363284, 2.288340335;92
93046;LIVRY GARGAN;93190;;LIVRY GARGAN;48.920002762, 2.535619525;93
94069;ST MAURICE;94410;;ST MAURICE;48.818390376, 2.437334691;94
95144;CHATENAY EN FRANCE;95190;;CHATENAY EN FRANCE;49.064897361, 2.462793667;95
95379;MAUDETOUR EN VEXIN;95420;;MAUDETOUR EN VEXIN;49.111179951, 1.783647016;95
95585;SARCELLES;95200;;SARCELLES;48.990236727, 2.381117319;95
75109;PARIS 09;75009;;PARIS;48.87716521, 2.337456318;75
75113;PARIS 13;75013;;PARIS;48.828424546, 2.362253766;75
77088;LA CHAPELLE LA REINE;77760;;LA CHAPELLE LA REINE;48.315826462, 2.566616164;77
77131;COULOMMIERS;77120;;COULOMMIERS;48.81234041, 3.091269785;77
77147;LA CROIX EN BRIE;77370;;LA CROIX EN BRIE;48.594437028, 3.071076517;77
77227;HERME;77114;;HERME;48.486150295, 3.34604609;77
77291;LE MESNIL AMELOT;77990;;LE MESNIL AMELOT;49.016113678, 2.596383018;77
77320;MOUROUX;77120;;MOUROUX;48.827180332, 3.050708392;77
77363;LE PIN;77181;;LE PIN;48.914641715, 2.628103898;77
77431;ST PIERRE LES NEMOURS;77140;;ST PIERRE LES NEMOURS;48.264824993, 2.665927488;77
77500;VILLEBEON;77710;;VILLEBEON;48.205064903, 2.92852151;77
78006;ADAINVILLE;78113;;ADAINVILLE;48.72032203, 1.662453862;78
78324;JOUY MAUVOISIN;78200;;JOUY MAUVOISIN;48.974147589, 1.646636346;78
78350;LOUVECIENNES;78430;;LOUVECIENNES;48.859227566, 2.113551836;78
78444;NEAUPHLETTE;78980;;NEAUPHLETTE;48.935504487, 1.54283833;78
78561;ST LAMBERT;78470;;ST LAMBERT DES BOIS;48.733928044, 2.006561898;78
91286;GRIGNY;91350;;GRIGNY;48.657051798, 2.38747617;91
91581;ST YON;91650;;ST YON;48.561147043, 2.19200076;91
92002;ANTONY;92160;;ANTONY;48.749986765, 2.299028344;92
93057;LES PAVILLONS SOUS BOIS;93320;;LES PAVILLONS SOUS BOIS;48.908338487, 2.503357206;93
95116;BRUYERES SUR OISE;95820;;BRUYERES SUR OISE;49.160642757, 2.329622988;95
95303;LE HEAULME;95640;;LE HEAULME;49.166960753, 2.000251949;95
95493;LE PLESSIS LUZARCHES;95270;;LE PLESSIS LUZARCHES;49.096105843, 2.456045243;95
95582;SANNOIS;95110;;SANNOIS;48.971927968, 2.252832517;95
77038;BOISSETTES;77350;;BOISSETTES;48.523254255, 2.614376556;77
77101;CHATENAY SUR SEINE;77126;;CHATENAY SUR SEINE;48.420082052, 3.094788304;77
77129;COULOMBS EN VALOIS;77840;;COULOMBS EN VALOIS;49.077920751, 3.128065854;77
77141;COUTEVROULT;77580;;COUTEVROULT;48.853013887, 2.847578293;77
77152;DAMMARIE LES LYS;77190;;DAMMARIE LES LYS;48.513676673, 2.628755691;77
77175;EVRY GREGY SUR YERRE;77166;;EVRY GREGY SUR YERRE;48.653675957, 2.639539278;77
77180;FEROLLES ATTILLY;77150;;FEROLLES ATTILLY;48.733934618, 2.639187547;77
77222;GUIGNES;77390;;GUIGNES;48.635739422, 2.80035712;77
77231;ISLES LES MELDEUSES;77440;;ISLES LES MELDEUSES;48.997894222, 3.012873751;77
77287;MEILLERAY;77320;;MEILLERAY;48.797631613, 3.418021359;77
77288;MELUN;77000;;MELUN;48.544316452, 2.657923631;77
77298;MONS EN MONTOIS;77520;;MONS EN MONTOIS;48.491651911, 3.140210332;77
77302;MONTCOURT FROMONVILLE;77140;;MONTCOURT FROMONVILLE;48.298981088, 2.711929643;77
77316;MORET LOING ET ORVANNE;77250;VENEUX LES SABLONS;MORET LOING ET ORVANNE;48.354686543, 2.819738834;77
77359;PERTHES;77930;;PERTHES;48.479804136, 2.550356243;77
77403;ST BRICE;77160;;ST BRICE;48.571582676, 3.334229852;77
77411;ST GERMAIN SOUS DOUE;77169;;ST GERMAIN SOUS DOUE;48.85114662, 3.138883483;77
77448;SEPT SORTS;77260;;SEPT SORTS;48.939820491, 3.105618023;77
77459;SOURDUN;77171;;SOURDUN;48.536421311, 3.363622323;77
78354;MAGNANVILLE;78200;;MAGNANVILLE;48.968692133, 1.6855957;78
78358;MAISONS LAFFITTE;78600;;MAISONS LAFFITTE;48.952574131, 2.152458608;78
78513;LA QUEUE LES YVELINES;78940;;LA QUEUE LES YVELINES;48.802486955, 1.768277224;78
78548;ST FORGET;78720;;ST FORGET;48.712874507, 1.997097048;78
78562;ST LEGER EN YVELINES;78610;;ST LEGER EN YVELINES;48.730259564, 1.759908234;78
91471;ORSAY;91400;ORSIGNY;ORSAY;48.700274052, 2.187378773;91
91645;VERRIERES LE BUISSON;91370;;VERRIERES LE BUISSON;48.750419838, 2.252147874;91
91649;VERT LE PETIT;91710;;VERT LE PETIT;48.551852151, 2.36536749;91
91666;VILLEJUST;91140;;VILLEJUST;48.67802178, 2.223002267;91
94002;ALFORTVILLE;94140;;ALFORTVILLE;48.796134091, 2.421407444;94
94021;CHEVILLY LARUE;94550;;CHEVILLY LARUE;48.76689918, 2.352941911;94
94041;IVRY SUR SEINE;94200;;IVRY SUR SEINE;48.8122892, 2.387712363;94
95018;ARGENTEUIL;95100;;ARGENTEUIL;48.951531886, 2.240388744;95
95304;HEDOUVILLE;95690;;HEDOUVILLE;49.158003218, 2.177108902;95
95306;HERBLAY SUR SEINE;95220;LA PATTE D OIE;HERBLAY SUR SEINE;49.00057638, 2.150144707;95
95543;ST CYR EN ARTHIES;95510;;ST CYR EN ARTHIES;49.058913046, 1.741758518;95
77096;CHARTRETTES;77590;;CHARTRETTES;48.494405785, 2.712859871;77
77107;CHAUMES EN BRIE;77390;;CHAUMES EN BRIE;48.667432866, 2.845179792;77
77258;LOGNES;77185;;LOGNES;48.833863469, 2.634038048;77
77274;MARCILLY;77139;;MARCILLY;49.037148104, 2.88048397;77
77318;MORTCERF;77163;;MORTCERF;48.782801024, 2.904085319;77
77397;SAACY SUR MARNE;77730;;SAACY SUR MARNE;48.950991889, 3.217255958;77
77424;ST MARTIN DU BOSCHET;77320;;ST MARTIN DU BOSCHET;48.732036028, 3.428608536;77
77454;SOGNOLLES EN MONTOIS;77520;;SOGNOLLES EN MONTOIS;48.518703129, 3.153103494;77
78158;LE CHESNAY ROCQUENCOURT;78150;PARLY;LE CHESNAY ROCQUENCOURT;48.829192097, 2.119984317;78
78220;LES ESSARTS LE ROI;78690;ST HUBERT LE ROI;LES ESSARTS LE ROI;48.716251319, 1.895378187;78
78550;ST GERMAIN DE LA GRANGE;78640;;ST GERMAIN DE LA GRANGE;48.832627363, 1.902385466;78
91038;AUVERS ST GEORGES;91580;;AUVERS ST GEORGES;48.476771493, 2.226441657;91
91243;FONTENAY LES BRIIS;91640;;FONTENAY LES BRIIS;48.611100686, 2.164608272;91
91333;LEUVILLE SUR ORGE;91310;;LEUVILLE SUR ORGE;48.614359916, 2.267751212;91
91408;MOIGNY SUR ECOLE;91490;;MOIGNY SUR ECOLE;48.437172104, 2.439819687;91
91648;VERT LE GRAND;91810;;VERT LE GRAND;48.583489821, 2.367706718;91
91689;WISSOUS;91320;;WISSOUS;48.729690709, 2.329529323;91
92023;CLAMART;92140;;CLAMART;48.796455388, 2.254300971;92
94080;VINCENNES;94300;;VINCENNES;48.847539205, 2.437714989;94
95014;ANDILLY;95580;;ANDILLY;49.008086762, 2.302974318;95
95120;BUTRY SUR OISE;95430;;BUTRY SUR OISE;49.083796434, 2.191573741;95
95328;LABBEVILLE;95690;;LABBEVILLE;49.134058687, 2.134543313;95
95370;MARINES;95640;;MARINES;49.147617385, 1.983603433;95
75115;PARIS 15;75015;;PARIS;48.840071988, 2.292837347;75
77117;CITRY;77730;;CITRY;48.962053081, 3.245229759;77
77169;EMERAINVILLE;77184;;EMERAINVILLE;48.819430023, 2.609262864;77
77464;THORIGNY SUR MARNE;77400;;THORIGNY SUR MARNE;48.892140285, 2.712913413;77
77466;TIGEAUX;77163;;TIGEAUX;48.824626398, 2.897382176;77
77510;VILLENEUVE ST DENIS;77174;;VILLENEUVE ST DENIS;48.812953364, 2.792672466;77
78126;LA CELLE ST CLOUD;78170;;LA CELLE ST CLOUD;48.846861121, 2.13446886;78
78128;CERNAY LA VILLE;78720;;CERNAY LA VILLE;48.669697855, 1.96077726;78
78233;FEUCHEROLLES;78810;;FEUCHEROLLES;48.880113846, 1.979320474;78
78320;NOTRE DAME DE LA MER;78270;PORT VILLEZ;NOTRE DAME DE LA MER;49.048538772, 1.524643709;78
91207;EGLY;91520;;EGLY;48.577562807, 2.22115407;91
91495;PLESSIS ST BENOIST;91410;;PLESSIS ST BENOIST;48.445269496, 2.002958202;91
91538;ST AUBIN;91190;;ST AUBIN;48.714872473, 2.139502723;91
92022;CHAVILLE;92370;;CHAVILLE;48.807476404, 2.192088547;92
93045;LES LILAS;93260;;LES LILAS;48.881603076, 2.420221831;93
94071;SUCY EN BRIE;94370;;SUCY EN BRIE;48.765666849, 2.533133337;94
95504;PRESLES;95590;;PRESLES;49.112058016, 2.286737473;95
95627;VALLANGOUJARD;95810;;VALLANGOUJARD;49.133946113, 2.104018705;95
77037;BOIS LE ROI;77590;;BOIS LE ROI;48.475863707, 2.702906614;77
77083;CHAMPS SUR MARNE;77420;;CHAMPS SUR MARNE;48.848168369, 2.59644265;77
77187;FONTAINE FOURCHES;77480;;FONTAINE FOURCHES;48.412143524, 3.394531143;77
77316;MORET LOING ET ORVANNE;77250;EPISY;MORET LOING ET ORVANNE;48.354686543, 2.819738834;77
77341;NOYEN SUR SEINE;77114;;NOYEN SUR SEINE;48.452074338, 3.342550817;77
77427;ST MESMES;77410;;ST MESMES;48.98547285, 2.714962039;77
77438;ST THIBAULT DES VIGNES;77400;;ST THIBAULT DES VIGNES;48.863892274, 2.676422056;77
77449;SERRIS;77700;;SERRIS;48.845661019, 2.787101817;77
77528;VOISENON;77950;;VOISENON;48.570132412, 2.663238702;77
78190;CROISSY SUR SEINE;78290;;CROISSY SUR SEINE;48.878352539, 2.136042047;78
78224;L ETANG LA VILLE;78620;;L ETANG LA VILLE;48.867328882, 2.060049082;78
78620;TOUSSUS LE NOBLE;78117;;TOUSSUS LE NOBLE;48.74704252, 2.117699466;78
78668;LA VILLENEUVE EN CHEVRIE;78270;;LA VILLENEUVE EN CHEVRIE;49.016750995, 1.530968591;78
78672;VILLENNES SUR SEINE;78670;;VILLENNES SUR SEINE;48.936597607, 1.9958606;78
91016;ANGERVILLE;91670;DOMMERVILLE;ANGERVILLE;48.309573391, 2.005568775;91
91081;BOISSY LE SEC;91870;;BOISSY LE SEC;48.485166752, 2.091530889;91
91215;EPINAY SOUS SENART;91860;;EPINAY SOUS SENART;48.687739685, 2.516445697;91
91399;MESPUITS;91150;;MESPUITS;48.358359622, 2.277034492;91
91540;ST CHERON;91530;;ST CHERON;48.549055433, 2.126191471;91
91549;STE GENEVIEVE DES BOIS;91700;;STE GENEVIEVE DES BOIS;48.641188588, 2.330441408;91
91602;SOUZY LA BRICHE;91580;;SOUZY LA BRICHE;48.527330809, 2.154282993;91
92050;NANTERRE;92000;;NANTERRE;48.896168757, 2.207090178;92
93033;GOURNAY SUR MARNE;93460;;GOURNAY SUR MARNE;48.861105557, 2.57585149;93
95394;MERY SUR OISE;95540;;MERY SUR OISE;49.05496059, 2.174289713;95
77075;CHALIFERT;77144;;CHALIFERT;48.894687495, 2.773940615;77
77077;CHAMBRY;77910;;CHAMBRY;48.998672106, 2.893627183;77
77104;CHATRES;77610;;CHATRES;48.713003578, 2.815655847;77
77156;DARVAULT;77140;;DARVAULT;48.277244888, 2.728267596;77
77301;MONTCEAUX LES PROVINS;77151;;MONTCEAUX LES PROVINS;48.696689447, 3.444456958;77
77356;PASSY SUR SEINE;77480;;PASSY SUR SEINE;48.428974563, 3.34576006;77
77373;PONTAULT COMBAULT;77340;LE PAVE DE PONTAULT;PONTAULT COMBAULT;48.786864927, 2.613875011;77
78030;AUFFARGIS;78610;;AUFFARGIS;48.684172801, 1.902908509;78
78071;BOINVILLE LE GAILLARD;78660;;BOINVILLE LE GAILLARD;48.496064145, 1.871065602;78
78146;CHATOU;78400;;CHATOU;48.896391692, 2.153571449;78
78362;MANTES LA VILLE;78711;;MANTES LA VILLE;48.974798417, 1.712216651;78
78403;MEZY SUR SEINE;78250;;MEZY SUR SEINE;49.003796358, 1.869832905;78
78472;ORSONVILLE;78660;;ORSONVILLE;48.477728631, 1.826863563;78
78505;PRUNAY LE TEMPLE;78910;;PRUNAY LE TEMPLE;48.859143204, 1.671786067;78
78586;SARTROUVILLE;78500;;SARTROUVILLE;48.939819605, 2.17448669;78
78624;TRIEL SUR SEINE;78510;L HAUTIL;TRIEL SUR SEINE;48.978288982, 2.008358298;78
78640;VELIZY VILLACOUBLAY;78140;;VELIZY VILLACOUBLAY;48.783876041, 2.19738706;78
91021;ARPAJON;91290;;ARPAJON;48.59030281, 2.243954666;91
91022;ARRANCOURT;91690;;ARRANCOURT;48.326949781, 2.150947448;91
91037;AUVERNAUX;91830;;AUVERNAUX;48.529457285, 2.487702973;91
91191;CROSNE;91560;;CROSNE;48.719905832, 2.463053506;91
91216;EPINAY SUR ORGE;91360;;EPINAY SUR ORGE;48.672590882, 2.318954121;91
91319;JANVRY;91640;;JANVRY;48.646399077, 2.154592246;91
91471;ORSAY;91400;;ORSAY;48.700274052, 2.187378773;91
91687;VIRY CHATILLON;91170;;VIRY CHATILLON;48.669432989, 2.373359685;91
92044;LEVALLOIS PERRET;92300;;LEVALLOIS PERRET;48.89515415, 2.286897554;92
94028;CRETEIL;94000;;CRETEIL;48.783768446, 2.454728618;94
95011;AMBLEVILLE;95420;LE VAUMION;AMBLEVILLE;49.150476298, 1.694631625;95
95219;ERMONT;95120;;ERMONT;48.987977731, 2.256658819;95
95388;MENUCOURT;95180;;MENUCOURT;49.027507823, 1.975650874;95
95436;MOURS;95260;;MOURS;49.13001014, 2.263254667;95
95487;PERSAN;95340;;PERSAN;49.149617756, 2.269394222;95
95554;ST GERVAIS;95420;;ST GERVAIS;49.167126689, 1.761917602;95
77036;BOISDON;77970;;BOISDON;48.676474118, 3.225860846;77
77056;BURCY;77760;;BURCY;48.233185893, 2.524815896;77
77087;LA CHAPELLE IGER;77540;;LA CHAPELLE IGER;48.651573717, 2.992728242;77
77172;ESMANS;77940;;ESMANS;48.343224326, 2.969282038;77
77387;REMAUVILLE;77710;;REMAUVILLE;48.220294234, 2.824411526;77
77388;REUIL EN BRIE;77260;;REUIL EN BRIE;48.956900359, 3.163254827;77
77404;STE COLOMBE;77650;;STE COLOMBE;48.53444674, 3.259977613;77
77477;URY;77760;;URY;48.340553884, 2.599729669;77
77522;VILLIERS SUR SEINE;77114;;VILLIERS SUR SEINE;48.456731493, 3.383290177;77
78013;ANDELU;78770;;ANDELU;48.88775093, 1.810612795;78
78238;FLINS SUR SEINE;78410;;FLINS SUR SEINE;48.967666071, 1.873143748;78
78262;GALLUIS;78490;;GALLUIS;48.798299976, 1.792310764;78
78346;LONGNES;78980;;LONGNES;48.922850087, 1.579843547;78
78381;MAULETTE;78550;THIONVILLE SUR OPTON;MAULETTE;48.783490057, 1.615912424;78
78410;MOISSON;78840;;MOISSON;49.068482165, 1.663694234;78
78498;POISSY;78300;LA MALADRERIE;POISSY;48.923459545, 2.02742189;78
78564;ST MARTIN DE BRETHENCOURT;78660;;ST MARTIN DE BRETHENCOURT;48.514811784, 1.915447314;78
78643;VERNOUILLET;78540;;VERNOUILLET;48.965100541, 1.974571132;78
78681;VILLIERS LE MAHIEU;78770;;VILLIERS LE MAHIEU;48.853595137, 1.773896062;78
91226;ETRECHY;91580;;ETRECHY;48.492422234, 2.179876174;91
91293;GUIGNEVILLE SUR ESSONNE;91590;;GUIGNEVILLE SUR ESSONNE;48.46379985, 2.370789427;91
91312;IGNY;91430;;IGNY;48.736509794, 2.224449897;91
91425;MONTLHERY;91310;;MONTLHERY;48.642087338, 2.268333554;91
93031;EPINAY SUR SEINE;93800;;EPINAY SUR SEINE;48.955045923, 2.313968877;93
94043;LE KREMLIN BICETRE;94270;;LE KREMLIN BICETRE;48.808789147, 2.355872174;94
95058;BERNES SUR OISE;95340;;BERNES SUR OISE;49.165532824, 2.301860709;95
95088;BONNEUIL EN FRANCE;95500;;BONNEUIL EN FRANCE;48.965639801, 2.435069341;95
95280;GOUSSAINVILLE;95190;;GOUSSAINVILLE;49.024588139, 2.46608247;95
95323;JOUY LE MOUTIER;95280;;JOUY LE MOUTIER;49.010991384, 2.033483228;95
95409;MOISSELLES;95570;;MOISSELLES;49.046061843, 2.337390481;95
95488;PIERRELAYE;95220;;PIERRELAYE;49.019103435, 2.160347072;95
95535;SAGY;95450;;SAGY;49.05244093, 1.968477159;95
77114;CHEVRY COSSIGNY;77173;COSSIGNY;CHEVRY COSSIGNY;48.723292532, 2.6765377;77
77154;DAMMARTIN SUR TIGEAUX;77163;;DAMMARTIN SUR TIGEAUX;48.808512927, 2.903759408;77
77338;NOISY RUDIGNON;77940;;NOISY RUDIGNON;48.336585873, 2.933839851;77
77345;ORLY SUR MORIN;77750;;ORLY SUR MORIN;48.901173218, 3.226766301;77
77349;OTHIS;77280;;OTHIS;49.0826633, 2.655019992;77
77352;OZOUER LE VOULGIS;77390;;OZOUER LE VOULGIS;48.663957444, 2.776145143;77
77407;ST FARGEAU PONTHIERRY;77310;PONTHIERRY;ST FARGEAU PONTHIERRY;48.538911417, 2.524704829;77
77518;VILLIERS EN BIERE;77190;;VILLIERS EN BIERE;48.495502791, 2.600426959;77
77521;VILLIERS SUR MORIN;77580;;VILLIERS SUR MORIN;48.849107499, 2.868632828;77
78264;GAMBAISEUIL;78490;;GAMBAISEUIL;48.756607718, 1.724887012;78
78391;MERICOURT;78270;;MERICOURT;49.037161005, 1.623129806;78
78402;MEZIERES SUR SEINE;78970;;MEZIERES SUR SEINE;48.952948273, 1.782865081;78
78418;MONTESSON;78360;;MONTESSON;48.917259145, 2.139969436;78
78465;ORGERUS;78910;;ORGERUS;48.837166162, 1.696429873;78
78481;LE PECQ;78230;;LE PECQ;48.893736101, 2.105052068;78
91035;AUTHON LA PLAINE;91410;;AUTHON LA PLAINE;48.45380325, 1.956173253;91
91292;GUIBEVILLE;91630;;GUIBEVILLE;48.566908962, 2.272147536;91
91434;MORSANG SUR ORGE;91390;;MORSANG SUR ORGE;48.656609978, 2.351201849;91
91441;NAINVILLE LES ROCHES;91750;;NAINVILLE LES ROCHES;48.504997178, 2.495591546;91
91479;PARAY VIEILLE POSTE;91550;;PARAY VIEILLE POSTE;48.724600412, 2.360024959;91
92049;MONTROUGE;92120;;MONTROUGE;48.815232931, 2.317223763;92
93014;CLICHY SOUS BOIS;93390;;CLICHY SOUS BOIS;48.908015138, 2.546295743;93
93050;NEUILLY SUR MARNE;93330;;NEUILLY SUR MARNE;48.862764338, 2.539943497;93
93078;VILLEPINTE;93420;;VILLEPINTE;48.959610617, 2.536314005;93
94052;NOGENT SUR MARNE;94130;;NOGENT SUR MARNE;48.836665517, 2.481752082;94
94065;RUNGIS;94150;;RUNGIS;48.749674317, 2.352601278;94
95555;ST GRATIEN;95210;;ST GRATIEN;48.969093334, 2.284677782;95
95633;VAUDHERLAND;95500;;VAUDHERLAND;49.000472274, 2.486593137;95
77034;BLANDY;77115;;BLANDY;48.560218583, 2.794532549;77
77043;BOITRON;77750;;BOITRON;48.897129251, 3.262029777;77
77157;DHUISY;77440;;DHUISY;49.034961324, 3.164016594;77
77194;FORGES;77130;;FORGES;48.421264015, 2.948518581;77
77246;LECHELLE;77171;;LECHELLE;48.571546578, 3.389157264;77
77253;LISSY;77550;;LISSY;48.618250527, 2.701464738;77
77269;MAINCY;77950;;MAINCY;48.55378834, 2.706115035;77
77355;PAROY;77520;;PAROY;48.481890403, 3.2021559;77
77378;PRINGY;77310;;PRINGY;48.517561066, 2.550430739;77
77432;ST REMY LA VANNE;77320;;ST REMY LA VANNE;48.812588021, 3.242227691;77
77443;SANCY;77580;;SANCY;48.879239079, 2.960749397;77
77456;SOISY BOUY;77650;;SOISY BOUY;48.508545853, 3.299502457;77
77520;VILLIERS SOUS GREZ;77760;;VILLIERS SOUS GREZ;48.314651268, 2.639439761;77
77529;VOULANGIS;77580;;VOULANGIS;48.84091864, 2.890551132;77
78050;BAZOCHES SUR GUYONNE;78490;;BAZOCHES SUR GUYONNE;48.773657449, 1.851785524;78
78193;DAMPIERRE EN YVELINES;78720;MAINCOURT SUR YVETTE;DAMPIERRE EN YVELINES;48.703796521, 1.973145747;78
78281;GOUSSONVILLE;78930;;GOUSSONVILLE;48.923343273, 1.766732769;78
78334;LEVIS ST NOM;78320;;LEVIS ST NOM;48.726898523, 1.936056362;78
91027;ATHIS MONS;91200;;ATHIS MONS;48.709264749, 2.386718909;91
91174;CORBEIL ESSONNES;91100;;CORBEIL ESSONNES;48.603961987, 2.46946055;91
91363;MARCOUSSIS;91460;;MARCOUSSIS;48.646351534, 2.206111294;91
91421;MONTGERON;91230;;MONTGERON;48.695361532, 2.461939706;91
91587;SAULX LES CHARTREUX;91160;;SAULX LES CHARTREUX;48.685086033, 2.266929714;91
94019;CHENNEVIERES SUR MARNE;94430;;CHENNEVIERES SUR MARNE;48.797651232, 2.541482148;94
94042;JOINVILLE LE PONT;94340;;JOINVILLE LE PONT;48.819648936, 2.470749433;94
95197;DEUIL LA BARRE;95170;;DEUIL LA BARRE;48.971716801, 2.326433561;95
77091;LES CHAPELLES BOURBON;77610;;LES CHAPELLES BOURBON;48.743714997, 2.836190687;77
77109;CHENOISE CUCHARMOY;77160;CHENOISE;CHENOISE CUCHARMOY;48.613352117, 3.189120226;77
77115;CHEVRY EN SEREINE;77710;;CHEVRY EN SEREINE;48.248327245, 2.960366396;77
77128;COUILLY PONT AUX DAMES;77860;;COUILLY PONT AUX DAMES;48.881920765, 2.865432987;77
77145;CRISENOY;77390;;CRISENOY;48.60340544, 2.74433498;77
77146;CROISSY BEAUBOURG;77183;BEAUBOURG;CROISSY BEAUBOURG;48.816552165, 2.655772784;77
77165;LES ECRENNES;77820;;LES ECRENNES;48.495631485, 2.875380612;77
77177;FAVIERES;77220;;FAVIERES;48.779785845, 2.768343712;77
77178;FAY LES NEMOURS;77167;;FAY LES NEMOURS;48.227619898, 2.664028675;77
77267;LA MADELEINE SUR LOING;77570;;LA MADELEINE SUR LOING;48.205698857, 2.701546792;77
77371;POMMEUSE;77515;;POMMEUSE;48.817906114, 3.006475472;77
77382;QUINCY VOISINS;77860;;QUINCY VOISINS;48.898918306, 2.877889871;77
78499;PONTHEVRARD;78730;;PONTHEVRARD;48.549973861, 1.907881026;78
78571;ST NOM LA BRETECHE;78860;LA BRETECHE;ST NOM LA BRETECHE;48.863157933, 2.018960257;78
91047;BAULNE;91590;;BAULNE;48.495262414, 2.381133504;91
91075;BOIS HERPIN;91150;;BOIS HERPIN;48.372187518, 2.243716575;91
91085;BOISSY SOUS ST YON;91790;;BOISSY SOUS ST YON;48.550090338, 2.212972884;91
91129;CERNY;91590;;CERNY;48.486172978, 2.310667669;91
91318;JANVILLE SUR JUINE;91510;;JANVILLE SUR JUINE;48.500973869, 2.253406735;91
91560;ST JEAN DE BEAUREGARD;91940;VILLEZIERS;ST JEAN DE BEAUREGARD;48.665836914, 2.172226269;91
91578;ST SULPICE DE FAVIERES;91910;;ST SULPICE DE FAVIERES;48.535680665, 2.180494001;91
91593;SERMAISE;91530;;SERMAISE;48.53083456, 2.088227102;91
91600;SOISY SUR SEINE;91450;;SOISY SUR SEINE;48.66004425, 2.462899971;91
92032;FONTENAY AUX ROSES;92260;;FONTENAY AUX ROSES;48.789655005, 2.286844555;92
94001;ABLON SUR SEINE;94480;;ABLON SUR SEINE;48.724658139, 2.421257167;94
95323;JOUY LE MOUTIER;95280;JOUY LA FONTAINE;JOUY LE MOUTIER;49.010991384, 2.033483228;95
95445;NERVILLE LA FORET;95590;;NERVILLE LA FORET;49.090424616, 2.276806471;95
77004;ANDREZEL;77390;;ANDREZEL;48.614335002, 2.806723353;77
77093;LA CHAPELLE MOUTILS;77320;MOUTILS;LA CHAPELLE MOUTILS;48.777635331, 3.382424168;77
77098;CHATEAUBLEAU;77370;;CHATEAUBLEAU;48.582510465, 3.108747156;77
77167;EGLIGNY;77126;;EGLIGNY;48.439983633, 3.124089639;77
77210;LA GRANDE PAROISSE;77130;;LA GRANDE PAROISSE;48.391610154, 2.898136897;77
77243;LAGNY SUR MARNE;77400;;LAGNY SUR MARNE;48.873765153, 2.708647026;77
77248;LESCHES;77450;;LESCHES;48.915237878, 2.792919994;77
77276;MAREUIL LES MEAUX;77100;;MAREUIL LES MEAUX;48.923446118, 2.869532744;77
77347;LES ORMES SUR VOULZIE;77134;;LES ORMES SUR VOULZIE;48.45953881, 3.22442585;77
77358;PENCHARD;77124;;PENCHARD;48.991133744, 2.858319348;77
77450;SERVON;77170;;SERVON;48.714730715, 2.591727479;77
77470;TOURNAN EN BRIE;77220;;TOURNAN EN BRIE;48.739544781, 2.777774264;77
77533;VULAINES SUR SEINE;77870;;VULAINES SUR SEINE;48.431620981, 2.769684866;77
78138;CHANTELOUP LES VIGNES;78570;;CHANTELOUP LES VIGNES;48.975853364, 2.032251522;78
78162;CHOISEL;78460;;CHOISEL;48.674255644, 2.015279196;78
78608;LE TERTRE ST DENIS;78980;;LE TERTRE ST DENIS;48.94283572, 1.60729331;78
78638;VAUX SUR SEINE;78740;;VAUX SUR SEINE;49.009639344, 1.974031736;78
78688;VOISINS LE BRETONNEUX;78960;;VOISINS LE BRETONNEUX;48.758850717, 2.048479256;78
91093;BOULLAY LES TROUX;91470;;BOULLAY LES TROUX;48.675830139, 2.04925908;91
91186;COURSON MONTELOUP;91680;;COURSON MONTELOUP;48.598584494, 2.142144827;91
91244;FONTENAY LE VICOMTE;91540;;FONTENAY LE VICOMTE;48.547225879, 2.400248804;91
91294;GUILLERVAL;91690;;GUILLERVAL;48.368041024, 2.075882945;91
92073;SURESNES;92150;;SURESNES;48.870018531, 2.220022482;92
94079;VILLIERS SUR MARNE;94350;;VILLIERS SUR MARNE;48.826149296, 2.545285598;94
95059;BERVILLE;95810;;BERVILLE;49.192304503, 2.070134653;95
95150;CHAUSSY;95710;;CHAUSSY;49.113149518, 1.703506273;95
95212;EPIAIS LES LOUVRES;95380;;EPIAIS LES LOUVRES;49.030505299, 2.548712357;95
95253;FREMAINVILLE;95450;;FREMAINVILLE;49.066348155, 1.870266119;95
77305;MONTEREAU FAULT YONNE;77130;;MONTEREAU FAULT YONNE;48.389914088, 2.961774637;77
77319;MORTERY;77160;;MORTERY;48.591859361, 3.248330367;77
77354;PAMFOU;77830;;PAMFOU;48.468477987, 2.864276256;77
77368;POIGNY;77160;;POIGNY;48.545158013, 3.277404571;77
77435;ST SAUVEUR SUR ECOLE;77930;;ST SAUVEUR SUR ECOLE;48.499651763, 2.534374815;77
77469;TOUQUIN;77131;;TOUQUIN;48.732983624, 3.028843282;77
78185;COURGENT;78790;;COURGENT;48.895674602, 1.659474038;78
78311;HOUILLES;78800;;HOUILLES;48.926569957, 2.187259332;78
78343;LES LOGES EN JOSAS;78350;;LES LOGES EN JOSAS;48.762163764, 2.139405128;78
78439;MULCENT;78790;;MULCENT;48.878647161, 1.651870214;78
78506;PRUNAY EN YVELINES;78660;CRACHES;PRUNAY EN YVELINES;48.526366733, 1.804987527;78
78643;VERNOUILLET;78540;MARSINVAL;VERNOUILLET;48.965100541, 1.974571132;78
91105;BREUILLET;91650;;BREUILLET;48.571867865, 2.164342054;91
91248;LA FORET STE CROIX;91150;;LA FORET STE CROIX;48.384545375, 2.230672642;91
91667;VILLEMOISSON SUR ORGE;91360;;VILLEMOISSON SUR ORGE;48.661326984, 2.330542445;91
92072;SEVRES;92310;;SEVRES;48.820931268, 2.209262898;92
93015;COUBRON;93470;;COUBRON;48.917625823, 2.576326794;93
94053;NOISEAU;94880;;NOISEAU;48.774206475, 2.554580908;94
95157;CHERENCE;95510;;CHERENCE;49.09143044, 1.681247295;95
95169;COMMENY;95450;;COMMENY;49.126529097, 1.888255192;95
95287;GRISY LES PLATRES;95810;;GRISY LES PLATRES;49.133084359, 2.048188853;95
95306;HERBLAY SUR SEINE;95220;;HERBLAY SUR SEINE;49.00057638, 2.150144707;95
95341;LIVILLIERS;95300;;LIVILLIERS;49.100162399, 2.09409965;95
95523;LA ROCHE GUYON;95780;;LA ROCHE GUYON;49.088264977, 1.634202489;95
75103;PARIS 03;75003;;PARIS;48.86287791, 2.3599986;75
77002;AMILLIS;77120;;AMILLIS;48.735332725, 3.135102125;77
77073;CHALAUTRE LA PETITE;77160;;CHALAUTRE LA PETITE;48.527021892, 3.315962281;77
77079;CHAMPAGNE SUR SEINE;77430;;CHAMPAGNE SUR SEINE;48.408982002, 2.807741767;77
77081;CHAMPDEUIL;77390;;CHAMPDEUIL;48.622114221, 2.731171399;77
77122;COMBS LA VILLE;77380;;COMBS LA VILLE;48.657791397, 2.574880277;77
77126;CONGIS SUR THEROUANNE;77440;;CONGIS SUR THEROUANNE;49.011992691, 2.978795309;77
77188;FONTAINE LE PORT;77590;;FONTAINE LE PORT;48.484274211, 2.766948671;77
77190;FONTAINS;77370;;FONTAINS;48.521258648, 3.007035978;77
77196;FRESNES SUR MARNE;77410;;FRESNES SUR MARNE;48.941461894, 2.740131495;77
77211;GRANDPUITS BAILLY CARROIS;77720;BAILLY CARROIS;GRANDPUITS BAILLY CARROIS;48.582092956, 2.976328303;77
77252;LIMOGES FOURCHES;77550;;LIMOGES FOURCHES;48.626692276, 2.669322018;77
77326;NANDY;77176;;NANDY;48.581998184, 2.548463443;77
77373;PONTAULT COMBAULT;77340;;PONTAULT COMBAULT;48.786864927, 2.613875011;77
77377;PRESLES EN BRIE;77220;;PRESLES EN BRIE;48.712982264, 2.736900596;77
77484;VAUCOURTOIS;77580;;VAUCOURTOIS;48.898865314, 2.957567778;77
78049;BAZEMONT;78580;;BAZEMONT;48.931891093, 1.873892315;78
78104;BREUIL BOIS ROBERT;78930;;BREUIL BOIS ROBERT;48.943691089, 1.714504706;78
78231;FAVRIEUX;78200;;FAVRIEUX;48.944710795, 1.64238944;78
78290;GUERNES;78520;;GUERNES;49.015237832, 1.641900736;78
78349;LONGVILLIERS;78730;;LONGVILLIERS;48.574070133, 1.998976275;78
78559;ST ILLIERS LE BOIS;78980;;ST ILLIERS LE BOIS;48.965025, 1.510472049;78
91100;BOUVILLE;91880;;BOUVILLE;48.432613975, 2.27889116;91
92024;CLICHY;92110;;CLICHY;48.904081231, 2.305966988;92
93027;LA COURNEUVE;93120;;LA COURNEUVE;48.932264849, 2.399334869;93
93039;L ILE ST DENIS;93450;;L ILE ST DENIS;48.934598747, 2.339282752;93
93077;VILLEMOMBLE;93250;;VILLEMOMBLE;48.884598329, 2.509276261;93
95218;ERAGNY;95610;;ERAGNY SUR OISE;49.020680055, 2.10161862;95
95331;LASSY;95270;;LASSY;49.094745682, 2.437793086;95
95491;LE PLESSIS BOUCHARD;95130;;LE PLESSIS BOUCHARD;49.003349254, 2.233942352;95
95625;US;95450;;US;49.104859776, 1.957893164;95
77046;BOULANCOURT;77760;;BOULANCOURT;48.261744721, 2.451069379;77
77114;CHEVRY COSSIGNY;77173;;CHEVRY COSSIGNY;48.723292532, 2.6765377;77
77144;CREVECOEUR EN BRIE;77610;;CREVECOEUR EN BRIE;48.755998749, 2.907615715;77
77217;GRISY SUISNES;77166;SUISNES;GRISY SUISNES;48.684832308, 2.676033206;77
77219;GUERARD;77580;;GUERARD;48.818642344, 2.951322965;77
77232;ISLES LES VILLENOY;77450;;ISLES LES VILLENOY;48.916386461, 2.831421336;77
77245;LAVAL EN BRIE;77148;;LAVAL EN BRIE;48.454809583, 2.97584247;77
77268;MAGNY LE HONGRE;77700;;MAGNY LE HONGRE;48.867486123, 2.814284379;77
77310;MONTIGNY LE GUESDIER;77480;;MONTIGNY LE GUESDIER;48.381313121, 3.250050513;77
77421;ST MARS VIEUX MAISONS;77320;;ST MARS VIEUX MAISONS;48.737755116, 3.319855573;77
78007;AIGREMONT;78240;;AIGREMONT;48.900911659, 2.016319442;78
78124;CARRIERES SUR SEINE;78420;;CARRIERES SUR SEINE;48.911635273, 2.178815749;78
78158;LE CHESNAY ROCQUENCOURT;78150;ROCQUENCOURT;LE CHESNAY ROCQUENCOURT;48.829192097, 2.119984317;78
78189;CRESPIERES;78121;;CRESPIERES;48.88209244, 1.920844959;78
78193;DAMPIERRE EN YVELINES;78720;;DAMPIERRE EN YVELINES;48.703796521, 1.973145747;78
78239;FOLLAINVILLE DENNEMONT;78520;;FOLLAINVILLE DENNEMONT;49.023296013, 1.708532322;78
78310;HOUDAN;78550;;HOUDAN;48.798129815, 1.596685402;78
78335;LIMAY;78520;;LIMAY;48.994501802, 1.740079015;78
78451;NEZEL;78410;;NEZEL;48.942454774, 1.839268887;78
78516;RAIZEUX;78125;;RAIZEUX;48.636511776, 1.689128022;78
78565;ST MARTIN DES CHAMPS;78790;;ST MARTIN DES CHAMPS;48.877979849, 1.719392864;78
78644;LA VERRIERE;78320;;LA VERRIERE;48.753963729, 1.95082534;78
91130;CHALO ST MARS;91780;;CHALO ST MARS;48.416663943, 2.051573337;91
91525;ROINVILLE;91410;;ROINVILLE;48.516657035, 2.052445161;91
92046;MALAKOFF;92240;;MALAKOFF;48.816575085, 2.296075861;92
94047;MANDRES LES ROSES;94520;;MANDRES LES ROSES;48.70599764, 2.548010574;94
95598;SOISY SOUS MONTMORENCY;95230;;SOISY SOUS MONTMORENCY;48.988369645, 2.300855606;95
75116;PARIS 16;75016;;PARIS;48.860373457, 2.261967959;75
77067;CESSON;77240;;CESSON;48.564774863, 2.595138436;77
77135;COURPALAY;77540;;COURPALAY;48.643381071, 2.954123514;77
77220;GUERCHEVILLE;77760;;GUERCHEVILLE;48.260216293, 2.557567409;77
77259;LONGPERRIER;77230;;LONGPERRIER;49.050939107, 2.655506945;77
77357;PECY;77970;;PECY;48.646317766, 3.074776236;77
78070;BOINVILLE EN MANTOIS;78930;;BOINVILLE EN MANTOIS;48.928231019, 1.748766467;78
78320;NOTRE DAME DE LA MER;78270;JEUFOSSE;NOTRE DAME DE LA MER;49.048538772, 1.524643709;78
78322;JOUY EN JOSAS;78350;;JOUY EN JOSAS;48.765889291, 2.163600257;78
78344;LOMMOYE;78270;;LOMMOYE;48.997281867, 1.51663473;78
78455;NOISY LE ROI;78590;;NOISY LE ROI;48.846228479, 2.054883263;78
91099;BOUTIGNY SUR ESSONNE;91820;;BOUTIGNY SUR ESSONNE;48.436532992, 2.395546719;91
91249;FORGES LES BAINS;91470;;FORGES LES BAINS;48.620095325, 2.083033452;91
91482;PECQUEUSE;91470;;PECQUEUSE;48.648531731, 2.035941043;91
91533;SACLAS;91690;;SACLAS;48.35805762, 2.113633134;91
91589;SAVIGNY SUR ORGE;91600;;SAVIGNY SUR ORGE;48.68419191, 2.349018833;91
91654;VIDELLES;91890;;VIDELLES;48.468573055, 2.421311702;91
91665;LA VILLE DU BOIS;91620;;LA VILLE DU BOIS;48.661219416, 2.264997188;91
94056;PERIGNY;94520;;PERIGNY SUR YERRES;48.696591847, 2.561137172;94
94068;ST MAUR DES FOSSES;94100;;ST MAUR DES FOSSES;48.798824614, 2.494496787;94
95127;CERGY;95000;MENANDON;CERGY;49.039967587, 2.051139021;95
77001;ACHERES LA FORET;77760;;ACHERES LA FORET;48.348745542, 2.564115074;77
77070;CHAILLY EN BRIE;77120;;CHAILLY EN BRIE;48.792485886, 3.134038518;77
77084;CHANGIS SUR MARNE;77660;;CHANGIS SUR MARNE;48.966142398, 3.024394233;77
77093;LA CHAPELLE MOUTILS;77320;;LA CHAPELLE MOUTILS;48.777635331, 3.382424168;77
77142;CRECY LA CHAPELLE;77580;;CRECY LA CHAPELLE;48.856760484, 2.933467393;77
77184;FLAGY;77940;;FLAGY;48.30980063, 2.916882629;77
77214;GRESSY;77410;;GRESSY;48.96520568, 2.663956552;77
77262;LOUAN VILLEGRUIS FONTAINE;77560;;LOUAN VILLEGRUIS FONTAINE;48.614524882, 3.48933483;77
77282;MAUREGARD;77990;;MAUREGARD;49.028636737, 2.571480089;77
77335;CHAUCONIN NEUFMONTIERS;77124;CHAUCONIN;CHAUCONIN NEUFMONTIERS;48.972295956, 2.831255098;77
77506;VILLEMER;77250;;VILLEMER;48.303340526, 2.827154447;77
78068;BLARU;78270;;BLARU;49.040904099, 1.480780108;78
78475;OSMOY;78910;;OSMOY;48.864022752, 1.717248283;78
78616;THOIRY;78770;;THOIRY;48.872526688, 1.798179809;78
91103;BRETIGNY SUR ORGE;91220;;BRETIGNY SUR ORGE;48.602469056, 2.302418237;91
91109;BRIERES LES SCELLES;91150;;BRIERES LES SCELLES;48.464080493, 2.143083541;91
91137;CHAMPMOTTEUX;91150;;CHAMPMOTTEUX;48.344107446, 2.315372839;91
91159;CHEVANNES;91750;;CHEVANNES;48.533544036, 2.440269822;91
91414;MONNERVILLE;91930;;MONNERVILLE;48.347572234, 2.037214757;91
92078;VILLENEUVE LA GARENNE;92390;;VILLENEUVE LA GARENNE;48.936841583, 2.324808376;92
93073;TREMBLAY EN FRANCE;93290;;TREMBLAY EN FRANCE;48.97853055, 2.555156635;93
93074;VAUJOURS;93410;;VAUJOURS;48.932499511, 2.581617741;93
94017;CHAMPIGNY SUR MARNE;94500;COEUILLY;CHAMPIGNY SUR MARNE;48.817396568, 2.516989292;94
95452;NOINTEL;95590;;NOINTEL;49.128927636, 2.294029794;95
77099;CHATEAU LANDON;77570;;CHATEAU LANDON;48.148452355, 2.699984414;77
77125;CONDE STE LIBIAIRE;77450;;CONDE STE LIBIAIRE;48.898520862, 2.836317726;77
77201;GASTINS;77370;;GASTINS;48.62708228, 3.020020173;77
77471;TOUSSON;77123;;TOUSSON;48.343461361, 2.457402818;77
77482;VARENNES SUR SEINE;77130;;VARENNES SUR SEINE;48.368565322, 2.930845994;77
78084;BOISSY SANS AVOIR;78490;;BOISSY SANS AVOIR;48.82121754, 1.797921867;78
78096;BOURDONNE;78113;;BOURDONNE;48.75449453, 1.653230552;78
78518;RENNEMOULIN;78590;;RENNEMOULIN;48.832928488, 2.042289348;78
91067;BLANDY;91150;;BLANDY;48.324105131, 2.258455453;91
91115;BRUYERES LE CHATEL;91680;;BRUYERES LE CHATEL;48.600442527, 2.186969993;91
91132;CHAMARANDE;91730;;CHAMARANDE;48.51685427, 2.21798641;91
91347;LONGPONT SUR ORGE;91310;;LONGPONT SUR ORGE;48.640614117, 2.286494863;91
91393;MEROBERT;91780;;MEROBERT;48.41628772, 1.996717432;91
91556;ST HILAIRE;91780;;ST HILAIRE;48.440780246, 2.087624882;91
91659;VILLABE;91100;;VILLABE;48.586164438, 2.452520456;91
93061;LE PRE ST GERVAIS;93310;;LE PRE ST GERVAIS;48.884753073, 2.405680234;93
95040;AVERNES;95450;;AVERNES;49.091441006, 1.866777119;95
95060;BESSANCOURT;95550;;BESSANCOURT;49.037470133, 2.198902416;95
95308;HEROUVILLE EN VEXIN;95300;;HEROUVILLE EN VEXIN;49.104774508, 2.127471252;95
95483;LE PERCHAY;95450;;LE PERCHAY;49.116327617, 1.927471488;95
95527;ROISSY EN FRANCE;95700;;ROISSY EN FRANCE;49.006657374, 2.513698714;95
95611;THEUVILLE;95810;;THEUVILLE;49.156451552, 2.069355938;95
95660;VILLAINES SOUS BOIS;95570;;VILLAINES SOUS BOIS;49.07485198, 2.356863634;95
77023;BARCY;77910;;BARCY;49.017438161, 2.87651307;77
77024;BASSEVELLE;77750;;BASSEVELLE;48.92324295, 3.282099602;77
77029;BEAUVOIR;77390;;BEAUVOIR;48.64198636, 2.862676755;77
77143;CREGY LES MEAUX;77124;;CREGY LES MEAUX;48.977739964, 2.873223169;77
77151;DAGNY;77320;;DAGNY;48.71370474, 3.16525119;77
77251;LIEUSAINT;77127;;LIEUSAINT;48.625905745, 2.549989511;77
77260;LONGUEVILLE;77650;;LONGUEVILLE;48.514332832, 3.238094623;77
77333;NEMOURS;77140;;NEMOURS;48.259908672, 2.710851154;77
77342;OBSONVILLE;77890;;OBSONVILLE;48.216758105, 2.569593846;77
77490;VENDREST;77440;;VENDREST;49.041951735, 3.108120761;77
77516;VILLE ST JACQUES;77130;;VILLE ST JACQUES;48.344351413, 2.897954226;77
78208;ELANCOURT;78990;;ELANCOURT;48.778351142, 1.960991753;78
78267;GARGENVILLE;78440;;GARGENVILLE;48.992543549, 1.811015286;78
78396;LE MESNIL LE ROI;78600;;LE MESNIL LE ROI;48.926810989, 2.122439577;78
78464;ORCEMONT;78125;;ORCEMONT;48.597169134, 1.809613878;78
78520;RICHEBOURG;78550;;RICHEBOURG;48.824791364, 1.634738858;78
91204;ECHARCON;91540;;ECHARCON;48.574762652, 2.400754534;91
91546;ST CYR SOUS DOURDAN;91410;;ST CYR SOUS DOURDAN;48.565851545, 2.036948095;91
91552;ST GERMAIN LES ARPAJON;91180;;ST GERMAIN LES ARPAJON;48.598644131, 2.264485381;91
93047;MONTFERMEIL;93370;;MONTFERMEIL;48.898040819, 2.566549678;93
94046;MAISONS ALFORT;94700;;MAISONS ALFORT;48.806206275, 2.438053127;94
95023;ARRONVILLE;95810;;ARRONVILLE;49.174593818, 2.11346183;95
95046;BANTHELU;95420;;BANTHELU;49.125991196, 1.815132958;95
95369;MARGENCY;95580;;MARGENCY;49.001520665, 2.289265625;95
95563;ST LEU LA FORET;95320;;ST LEU LA FORET;49.020043434, 2.247039527;95
95610;THEMERICOURT;95450;;THEMERICOURT;49.090930332, 1.905016374;95
75102;PARIS 02;75002;;PARIS;48.868266543, 2.342785169;75
77053;BRIE COMTE ROBERT;77170;;BRIE COMTE ROBERT;48.691708224, 2.614662477;77
77100;LE CHATELET EN BRIE;77820;;LE CHATELET EN BRIE;48.501577831, 2.802652063;77
77150;CUISY;77165;;CUISY;49.020201919, 2.778038433;77
77217;GRISY SUISNES;77166;;GRISY SUISNES;48.684832308, 2.676033206;77
77278;MAROLLES EN BRIE;77120;;MAROLLES EN BRIE;48.774277265, 3.161217492;77
77290;MERY SUR MARNE;77730;;MERY SUR MARNE;48.975008124, 3.202668664;77
77295;MOISENAY;77950;;MOISENAY;48.564241638, 2.740439494;77
77337;NOISIEL;77186;;NOISIEL;48.846039914, 2.619385442;77
77364;LE PLESSIS AUX BOIS;77165;;LE PLESSIS AUX BOIS;49.004306369, 2.767183498;77
77468;TORCY;77200;;TORCY;48.853881807, 2.650700739;77
77514;VILLEPARISIS;77270;;VILLEPARISIS;48.941845067, 2.617085746;77
78020;ARNOUVILLE LES MANTES;78790;;ARNOUVILLE LES MANTES;48.91097494, 1.720241832;78
78057;BENNECOURT;78270;;BENNECOURT;49.047859126, 1.571817385;78
78305;HERBEVILLE;78580;;HERBEVILLE;48.902860146, 1.890345904;78
78321;JOUARS PONTCHARTRAIN;78760;;JOUARS PONTCHARTRAIN;48.790621752, 1.90791762;78
78366;MAREIL LE GUYON;78490;;MAREIL LE GUYON;48.790497873, 1.851508679;78
78615;THIVERVAL GRIGNON;78850;;THIVERVAL GRIGNON;48.844080486, 1.932721134;78
91273;GIRONVILLE SUR ESSONNE;91720;;GIRONVILLE SUR ESSONNE;48.367046384, 2.3464349;91
91312;IGNY;91430;GOMMONVILLIERS;IGNY;48.736509794, 2.224449897;91
91330;LARDY;91510;;LARDY;48.527215604, 2.270985877;91
93051;NOISY LE GRAND;93160;;NOISY LE GRAND;48.836247784, 2.564607121;93
93062;LE RAINCY;93340;;LE RAINCY;48.896772136, 2.519551978;93
95063;BEZONS;95870;;BEZONS;48.926070398, 2.21192311;95
95119;BUHY;95770;;BUHY;49.19220457, 1.70219704;95
